-- MySQL Administrator dump 1.4
--
-- ------------------------------------------------------
-- Server version	5.5.29


/*!40101 SET @OLD_CHARACTER_SET_CLIENT=@@CHARACTER_SET_CLIENT */;
/*!40101 SET @OLD_CHARACTER_SET_RESULTS=@@CHARACTER_SET_RESULTS */;
/*!40101 SET @OLD_COLLATION_CONNECTION=@@COLLATION_CONNECTION */;
/*!40101 SET NAMES utf8 */;

/*!40014 SET @OLD_UNIQUE_CHECKS=@@UNIQUE_CHECKS, UNIQUE_CHECKS=0 */;
/*!40014 SET @OLD_FOREIGN_KEY_CHECKS=@@FOREIGN_KEY_CHECKS, FOREIGN_KEY_CHECKS=0 */;
/*!40101 SET @OLD_SQL_MODE=@@SQL_MODE, SQL_MODE='NO_AUTO_VALUE_ON_ZERO' */;


--
-- Create schema scapes
--

CREATE DATABASE IF NOT EXISTS scapes;
USE scapes;

--
-- Definition of table `scapes`.`sh_blocklist`
--

DROP TABLE IF EXISTS `scapes`.`sh_blocklist`;
CREATE TABLE  `scapes`.`sh_blocklist` (
  `block_id` bigint(20) NOT NULL AUTO_INCREMENT,
  `blocker_id` bigint(20) DEFAULT NULL,
  `blockee_id` bigint(20) DEFAULT NULL,
  `timestamp` datetime DEFAULT NULL,
  PRIMARY KEY (`block_id`),
  KEY `fk_blocklist_blocker_id_idx` (`blocker_id`),
  KEY `fk_blocklist_blockee_id_idx` (`blockee_id`),
  CONSTRAINT `fk_blocklist_blockee_id` FOREIGN KEY (`blockee_id`) REFERENCES `sh_user` (`user_id`) ON DELETE NO ACTION ON UPDATE NO ACTION,
  CONSTRAINT `fk_blocklist_blocker_id` FOREIGN KEY (`blocker_id`) REFERENCES `sh_user` (`user_id`) ON DELETE CASCADE ON UPDATE CASCADE
) ENGINE=InnoDB DEFAULT CHARSET=utf8;

--
-- Dumping data for table `scapes`.`sh_blocklist`
--

/*!40000 ALTER TABLE `sh_blocklist` DISABLE KEYS */;
LOCK TABLES `sh_blocklist` WRITE;
UNLOCK TABLES;
/*!40000 ALTER TABLE `sh_blocklist` ENABLE KEYS */;


--
-- Definition of table `scapes`.`sh_country`
--

DROP TABLE IF EXISTS `scapes`.`sh_country`;
CREATE TABLE  `scapes`.`sh_country` (
  `country_id` bigint(20) NOT NULL AUTO_INCREMENT,
  `name` varchar(45) DEFAULT NULL,
  `country_code` varchar(5) DEFAULT NULL,
  `calling_code` varchar(45) DEFAULT NULL,
  PRIMARY KEY (`country_id`)
) ENGINE=InnoDB AUTO_INCREMENT=239 DEFAULT CHARSET=utf8;

--
-- Dumping data for table `scapes`.`sh_country`
--

/*!40000 ALTER TABLE `sh_country` DISABLE KEYS */;
LOCK TABLES `sh_country` WRITE;
INSERT INTO `scapes`.`sh_country` VALUES  (1,'Afghanistan','af','93'),
 (2,'Albania','al','355'),
 (3,'Algeria','dz','213'),
 (4,'American Samoa','as','1684'),
 (5,'Andorra','ad','376'),
 (6,'Angola','ao','244'),
 (7,'Anguilla','ai','1264'),
 (8,'Antartica','aq','672'),
 (9,'Antigua and Barbuda','ag','1268'),
 (10,'Argentina','ar','54'),
 (11,'Armenia','am','374'),
 (12,'Aruba','aw','297'),
 (13,'Australia','au','61'),
 (14,'Austria','at','43'),
 (15,'Azerbaijan','az','994'),
 (16,'Bahamas','bs','1242'),
 (17,'Bahrain','bh','973'),
 (18,'Bangladesh','bd','880'),
 (19,'Barbados','bb','1246'),
 (20,'Belarus','by','375'),
 (21,'Belgium','be','32'),
 (22,'Belize','bz','501'),
 (23,'Benin','bj','229'),
 (24,'Bermuda','bm','1441'),
 (25,'Bhutan','bt','975'),
 (26,'Bolivia','bo','591'),
 (27,'Bosnia and Herzegovina','ba','387'),
 (28,'Botswana','bw','267'),
 (29,'Brazil','br','55'),
 (30,'British Indian Ocean Territory','io','246'),
 (31,'British Virgin Islands','vg','1284'),
 (32,'Brunei','bn','673'),
 (33,'Bulgaria','bg','359'),
 (34,'Burkina Faso','bf','226'),
 (35,'Burundi','bi','257'),
 (36,'Cambodia','kh','855'),
 (37,'Cameroon','cm','237'),
 (38,'Canada','ca','1'),
 (39,'Cape Verde','cv','238'),
 (40,'Cayman Islands','ky','1345'),
 (41,'Central African Republic','cf','236'),
 (42,'Chad','td','235'),
 (43,'Chile','cl','56'),
 (44,'China','cn','86'),
 (45,'Christmas Island','cx','61'),
 (46,'Cocos (Keeling) Islands','cc','61'),
 (47,'Colombia','co','57'),
 (48,'Comoros','km','269'),
 (49,'Cook Islands','ck','682'),
 (50,'Costa Rica','cr','506'),
 (51,'Côte d\'Ivoire','ci','225'),
 (52,'Croatia','hr','385'),
 (53,'Cuba','cu','53'),
 (54,'Cyprus','cy','357'),
 (55,'Czech Republic','cz','420'),
 (56,'Democratic Republic of Congo','cd','243'),
 (57,'Denmark','dk','45'),
 (58,'Djibouti','dj','253'),
 (59,'Dominica','dm','1767'),
 (60,'Dominican Republic','do','1809'),
 (61,'Ecuador','ec','593'),
 (62,'Egypt','eg','20'),
 (63,'El Salvador','sv','503'),
 (64,'Equatorial Guinea','gq','240'),
 (65,'Eritrea','er','291'),
 (66,'Estonia','ee','372'),
 (67,'Ethiopia','et','251'),
 (68,'Falkland Islands','fk','500'),
 (69,'Faroe Islands','fo','298'),
 (70,'Federated States of Micronesia','fm','691'),
 (71,'Fiji','fj','679'),
 (72,'Finland','fi','358'),
 (73,'France','fr','33'),
 (74,'French Guiana','gf','594'),
 (75,'French Polynesia','pf','689'),
 (76,'Gabon','ga','241'),
 (77,'Gambia','gm','220'),
 (78,'Georgia','ge','995'),
 (79,'Germany','de','49'),
 (80,'Ghana','gh','233'),
 (81,'Gibraltar','gi','350'),
 (82,'Greece','gr','30'),
 (83,'Greenland','gl','299'),
 (84,'Grenada','gd','1473'),
 (85,'Guadeloupe','gp','590'),
 (86,'Guam','gu','1671'),
 (87,'Guatemala','gt','502'),
 (88,'Guinea','gn','224'),
 (89,'Guinea-Bissau','gw','245'),
 (90,'Guyana','gy','592'),
 (91,'Haiti','ht','509'),
 (92,'Honduras','hn','504'),
 (93,'Hong Kong','hk','852'),
 (94,'Hungary','hu','36'),
 (95,'Iceland','is','354'),
 (96,'India','in','91'),
 (97,'Indonesia','id','62'),
 (98,'Iran','ir','98'),
 (99,'Iraq','iq','964'),
 (100,'Ireland','ie','353'),
 (101,'Isle of Man','im','44'),
 (102,'Israel','il','972'),
 (103,'Italy','it','39'),
 (104,'Jamaica','jm','1876'),
 (105,'Japan','jp','81'),
 (106,'Jordan','jo','962'),
 (107,'Kazakhstan','kz','7'),
 (108,'Kenya','ke','254'),
 (109,'Kiribati','ki','686'),
 (110,'Kosovo','xk','381'),
 (111,'Kuwait','kw','965'),
 (112,'Kyrgyzstan','kg','996'),
 (113,'Laos','la','856'),
 (114,'Latvia','lv','371'),
 (115,'Lebanon','lb','961'),
 (116,'Lesotho','ls','266'),
 (117,'Liberia','lr','231'),
 (118,'Libya','ly','218'),
 (119,'Liechtenstein','li','423'),
 (120,'Lithuania','lt','370'),
 (121,'Luxembourg','lu','352'),
 (122,'Macau','mo','853'),
 (123,'Macedonia','mk','389'),
 (124,'Madagascar','mg','261'),
 (125,'Malawi','mw','265'),
 (126,'Malaysia','my','60'),
 (127,'Maldives','mv','960'),
 (128,'Mali','ml','223'),
 (129,'Malta','mt','356'),
 (130,'Marshall Islands','mh','692'),
 (131,'Martinique','mq','596'),
 (132,'Mauritania','mr','222'),
 (133,'Mauritius','mu','230'),
 (134,'Mayotte','yt','262'),
 (135,'Mexico','mx','52'),
 (136,'Moldova','md','373'),
 (137,'Monaco','mc','377'),
 (138,'Mongolia','mn','976'),
 (139,'Montenegro','me','382'),
 (140,'Montserrat','ms','1664'),
 (141,'Morocco','ma','212'),
 (142,'Mozambique','mz','258'),
 (143,'Myanmar (Burma)','mm','95'),
 (144,'Namibia','na','264'),
 (145,'Nauru','nr','674'),
 (146,'Nepal','np','977'),
 (147,'Netherlands','nl','31'),
 (148,'Netherlands Antilles','an','599'),
 (149,'New Caledonia','nc','687'),
 (150,'New Zealand','nz','64'),
 (151,'Nicaragua','ni','505'),
 (152,'Niger','ne','227'),
 (153,'Nigeria','ng','234'),
 (154,'Niue','nu','683'),
 (155,'Norfolk Island','nf','672'),
 (156,'North Korea','kp','850'),
 (157,'Northern Mariana Islands','mp','1670'),
 (158,'Norway','no','47'),
 (159,'Oman','om','968'),
 (160,'Pakistan','pk','92'),
 (161,'Palau','pw','680'),
 (162,'Palestine','ps','970'),
 (163,'Panama','pa','507'),
 (164,'Papua New Guinea','pg','675'),
 (165,'Paraguay','py','595'),
 (166,'Peru','pe','51'),
 (167,'Philippines','ph','63'),
 (168,'Pitcairn Islands','pn','870'),
 (169,'Poland','pl','48'),
 (170,'Portugal','pt','351'),
 (171,'Puerto Rico','pr','1'),
 (172,'Qatar','qa','974'),
 (173,'Republic of the Congo','cg','242'),
 (174,'Réunion','re','262'),
 (175,'Romania','ro','40'),
 (176,'Russia','ru','7'),
 (177,'Rwanda','rw','250'),
 (178,'Saint Barthélemy','bl','590'),
 (179,'Saint Helena','sh','290'),
 (180,'Saint Kitts and Nevis','kn','1869'),
 (181,'Saint Lucia','lc','1758'),
 (182,'Saint Martin','mf','1599'),
 (183,'Saint Pierre and Miquelon','pm','508'),
 (184,'Saint Vincent and the Grenadines','vc','1784'),
 (185,'Samoa','ws','685'),
 (186,'San Marino','sm','378'),
 (187,'São Tomé and Príncipe','st','339'),
 (188,'Saudi Arabia','sa','966'),
 (189,'Senegal','sn','221'),
 (190,'Serbia','rs','381'),
 (191,'Seychelles','sc','248'),
 (192,'Sierra Leone','sl','232'),
 (193,'Singapore','sg','65'),
 (194,'Slovakia','sk','421'),
 (195,'Slovenia','si','386'),
 (196,'Solomon Islands','sb','677'),
 (197,'Somalia','so','252'),
 (198,'South Africa','za','27'),
 (199,'South Korea','kr','82'),
 (200,'South Sudan','ss','211'),
 (201,'Spain','es','34'),
 (202,'Sri Lanka','lk','94'),
 (203,'Sudan','sd','249'),
 (204,'Suriname','sr','597'),
 (205,'Swaziland','sz','268'),
 (206,'Sweden','se','46'),
 (207,'Switzerland','ch','41'),
 (208,'Syria','sy','963'),
 (209,'Taiwan','tw','886'),
 (210,'Tajikistan','tj','992'),
 (211,'Tanzania','tz','255'),
 (212,'Thailand','th','66'),
 (213,'Timor-Leste','tl','670'),
 (214,'Togo','tg','228'),
 (215,'Tokelau','tk','690'),
 (216,'Tonga','to','676'),
 (217,'Trinidad and Tobago','tt','1868'),
 (218,'Tunisia','tn','216'),
 (219,'Turkey','tr','90'),
 (220,'Turkmenistan','tm','993'),
 (221,'Turks and Caicos Islands','tc','1649'),
 (222,'Tuvalu','tv','688'),
 (223,'Uganda','ug','256'),
 (224,'Ukraine','ua','380'),
 (225,'United Arab Emirates','ae','971'),
 (226,'United Kingdom','gb','44'),
 (227,'United States','us','1'),
 (228,'Uruguay','uy','598'),
 (229,'US Virgin Islands','vi','1340'),
 (230,'Uzbekistan','uz','998'),
 (231,'Vanuatu','vu','678'),
 (232,'Vatican City','va','39'),
 (233,'Venezuela','ve','58'),
 (234,'Vietnam','vn','84'),
 (235,'Wallis and Futuna','wf','681'),
 (236,'Yemen','ye','967'),
 (237,'Zambia','zm','260'),
 (238,'Zimbabwe','zw','263');
UNLOCK TABLES;
/*!40000 ALTER TABLE `sh_country` ENABLE KEYS */;


--
-- Definition of table `scapes`.`sh_scapes_access_token`
--

DROP TABLE IF EXISTS `scapes`.`sh_scapes_access_token`;
CREATE TABLE  `scapes`.`sh_scapes_access_token` (
  `token_id` bigint(20) NOT NULL AUTO_INCREMENT,
  `user_id` bigint(20) DEFAULT NULL,
  `token` varchar(64) DEFAULT NULL,
  `timestamp` datetime DEFAULT NULL,
  `device_name` varchar(64) DEFAULT NULL,
  `device_type_id` bigint(20) DEFAULT NULL,
  PRIMARY KEY (`token_id`),
  KEY `fk_scapes_access_token_user_id_idx` (`user_id`),
  KEY `fk_scapes_device_type_idx` (`device_type_id`),
  CONSTRAINT `fk_scapes_access_token_user_id` FOREIGN KEY (`user_id`) REFERENCES `sh_user` (`user_id`) ON DELETE CASCADE ON UPDATE CASCADE,
  CONSTRAINT `fk_scapes_device_type` FOREIGN KEY (`device_type_id`) REFERENCES `sh_scapes_device_type` (`device_type_id`) ON DELETE NO ACTION ON UPDATE NO ACTION
) ENGINE=InnoDB AUTO_INCREMENT=195 DEFAULT CHARSET=utf8;

--
-- Dumping data for table `scapes`.`sh_scapes_access_token`
--

/*!40000 ALTER TABLE `sh_scapes_access_token` DISABLE KEYS */;
LOCK TABLES `sh_scapes_access_token` WRITE;
UNLOCK TABLES;
/*!40000 ALTER TABLE `sh_scapes_access_token` ENABLE KEYS */;


--
-- Definition of table `scapes`.`sh_scapes_bot`
--

DROP TABLE IF EXISTS `scapes`.`sh_scapes_bot`;
CREATE TABLE  `scapes`.`sh_scapes_bot` (
  `bot_id` bigint(20) NOT NULL AUTO_INCREMENT,
  `bot_name` varchar(45) DEFAULT NULL,
  `access_token` varchar(64) DEFAULT NULL,
  `description` varchar(2048) DEFAULT NULL,
  `dp_hash` varchar(45) DEFAULT NULL,
  `price` float DEFAULT NULL,
  PRIMARY KEY (`bot_id`)
) ENGINE=InnoDB DEFAULT CHARSET=utf8;

--
-- Dumping data for table `scapes`.`sh_scapes_bot`
--

/*!40000 ALTER TABLE `sh_scapes_bot` DISABLE KEYS */;
LOCK TABLES `sh_scapes_bot` WRITE;
UNLOCK TABLES;
/*!40000 ALTER TABLE `sh_scapes_bot` ENABLE KEYS */;


--
-- Definition of table `scapes`.`sh_scapes_bot_purchase`
--

DROP TABLE IF EXISTS `scapes`.`sh_scapes_bot_purchase`;
CREATE TABLE  `scapes`.`sh_scapes_bot_purchase` (
  `purchase_id` bigint(20) NOT NULL AUTO_INCREMENT,
  `user_id` bigint(20) DEFAULT NULL,
  `bot_id` bigint(20) DEFAULT NULL,
  `timestamp` datetime DEFAULT NULL,
  PRIMARY KEY (`purchase_id`),
  KEY `fk_scapes_bot_purchase_user_id_idx` (`user_id`),
  KEY `fk_scapes_bot_purchase_bot_id_idx` (`bot_id`),
  CONSTRAINT `fk_scapes_bot_purchase_user_id` FOREIGN KEY (`user_id`) REFERENCES `sh_user` (`user_id`) ON DELETE CASCADE ON UPDATE CASCADE,
  CONSTRAINT `fk_scapes_bot_purchase_bot_id` FOREIGN KEY (`bot_id`) REFERENCES `sh_scapes_bot` (`bot_id`) ON DELETE CASCADE ON UPDATE CASCADE
) ENGINE=InnoDB DEFAULT CHARSET=utf8;

--
-- Dumping data for table `scapes`.`sh_scapes_bot_purchase`
--

/*!40000 ALTER TABLE `sh_scapes_bot_purchase` DISABLE KEYS */;
LOCK TABLES `sh_scapes_bot_purchase` WRITE;
UNLOCK TABLES;
/*!40000 ALTER TABLE `sh_scapes_bot_purchase` ENABLE KEYS */;


--
-- Definition of table `scapes`.`sh_scapes_device_token`
--

DROP TABLE IF EXISTS `scapes`.`sh_scapes_device_token`;
CREATE TABLE  `scapes`.`sh_scapes_device_token` (
  `token_id` bigint(20) NOT NULL AUTO_INCREMENT,
  `session_id` bigint(20) DEFAULT NULL,
  `user_id` bigint(20) DEFAULT NULL,
  `token` varchar(128) DEFAULT NULL,
  `badge_count` bigint(20) DEFAULT NULL,
  `timestamp` datetime DEFAULT NULL,
  PRIMARY KEY (`token_id`),
  KEY `fk_device_token_user_id_idx` (`user_id`),
  CONSTRAINT `fk_device_token_session_id` FOREIGN KEY (`token_id`) REFERENCES `sh_scapes_access_token` (`token_id`) ON DELETE CASCADE ON UPDATE CASCADE,
  CONSTRAINT `fk_device_token_user_id` FOREIGN KEY (`user_id`) REFERENCES `sh_user` (`user_id`) ON DELETE CASCADE ON UPDATE CASCADE
) ENGINE=InnoDB AUTO_INCREMENT=195 DEFAULT CHARSET=utf8;

--
-- Dumping data for table `scapes`.`sh_scapes_device_token`
--

/*!40000 ALTER TABLE `sh_scapes_device_token` DISABLE KEYS */;
LOCK TABLES `sh_scapes_device_token` WRITE;
UNLOCK TABLES;
/*!40000 ALTER TABLE `sh_scapes_device_token` ENABLE KEYS */;


--
-- Definition of table `scapes`.`sh_scapes_device_type`
--

DROP TABLE IF EXISTS `scapes`.`sh_scapes_device_type`;
CREATE TABLE  `scapes`.`sh_scapes_device_type` (
  `device_type_id` bigint(20) NOT NULL AUTO_INCREMENT,
  `device_name` varchar(45) DEFAULT NULL,
  PRIMARY KEY (`device_type_id`)
) ENGINE=InnoDB AUTO_INCREMENT=33 DEFAULT CHARSET=utf8;

--
-- Dumping data for table `scapes`.`sh_scapes_device_type`
--

/*!40000 ALTER TABLE `sh_scapes_device_type` DISABLE KEYS */;
LOCK TABLES `sh_scapes_device_type` WRITE;
INSERT INTO `scapes`.`sh_scapes_device_type` VALUES  (1,'iPhone 1G'),
 (2,'iPhone 3G'),
 (3,'iPhone 3Gs'),
 (4,'iPhone 4'),
 (5,'Verizon iPhone 4'),
 (6,'iPhone 4s'),
 (7,'iPhone 5 (GSM)'),
 (8,'iPhone 5 (GSM+CDMA)'),
 (9,'iPhone 5c (GSM)'),
 (10,'iPhone 5c (Global)'),
 (11,'iPhone 5s (GSM)'),
 (12,'iPhone 5s (Global)'),
 (13,'iPod Touch 1G'),
 (14,'iPod Touch 2G'),
 (15,'iPod Touch 3G'),
 (16,'iPod Touch 4G'),
 (17,'iPod Touch 5G'),
 (18,'iPad'),
 (19,'iPad 2 (Wi-Fi)'),
 (20,'iPad 2 (GSM)'),
 (21,'iPad 2 (CDMA)'),
 (22,'iPad 2 (Wi-Fi Rev A)'),
 (23,'iPad Mini (Wi-Fi)'),
 (24,'iPad Mini (GSM)'),
 (25,'iPad Mini (GSM+CDMA)'),
 (26,'iPad 3 (Wi-Fi)'),
 (27,'iPad 3 (GSM+CDMA)'),
 (28,'iPad 3 (GSM)'),
 (29,'iPad 4 (Wi-Fi)'),
 (30,'iPad 4 (GSM)'),
 (31,'iPad 4 (GSM+CDMA)'),
 (32,'iOS Simulator');
UNLOCK TABLES;
/*!40000 ALTER TABLE `sh_scapes_device_type` ENABLE KEYS */;


--
-- Definition of table `scapes`.`sh_scapes_follow`
--

DROP TABLE IF EXISTS `scapes`.`sh_scapes_follow`;
CREATE TABLE  `scapes`.`sh_scapes_follow` (
  `follow_id` bigint(20) NOT NULL AUTO_INCREMENT,
  `follower_userid` bigint(20) DEFAULT NULL,
  `followed_userid` bigint(20) DEFAULT NULL,
  `removed_by_user` tinyint(1) DEFAULT '0',
  `timestamp` datetime DEFAULT NULL,
  PRIMARY KEY (`follow_id`),
  UNIQUE KEY `follower_userid` (`follower_userid`,`followed_userid`),
  KEY `fk_scapes_follow_follower_userid_idx` (`follower_userid`),
  KEY `fk_scapes_follow_followed_userid_idx` (`followed_userid`),
  CONSTRAINT `fk_scapes_follow_followed_userid` FOREIGN KEY (`followed_userid`) REFERENCES `sh_user` (`user_id`) ON DELETE CASCADE ON UPDATE CASCADE,
  CONSTRAINT `fk_scapes_follow_follower_userid` FOREIGN KEY (`follower_userid`) REFERENCES `sh_user` (`user_id`) ON DELETE CASCADE ON UPDATE CASCADE
) ENGINE=InnoDB AUTO_INCREMENT=176 DEFAULT CHARSET=utf8;

--
-- Dumping data for table `scapes`.`sh_scapes_follow`
--

/*!40000 ALTER TABLE `sh_scapes_follow` DISABLE KEYS */;
LOCK TABLES `sh_scapes_follow` WRITE;
INSERT INTO `scapes`.`sh_scapes_follow` VALUES  (4,2,1,0,'2013-09-22 19:52:08'),
 (5,1,2,0,'2013-09-22 19:52:08'),
 (21,3,1,0,'2013-10-20 05:20:02'),
 (22,3,2,0,'2013-10-20 05:20:02'),
 (23,1,4,0,'2013-10-20 05:29:25'),
 (24,3,4,0,'2013-10-20 05:29:25'),
 (25,4,3,0,'2013-10-20 05:29:25'),
 (26,4,1,0,'2013-10-20 05:29:25'),
 (27,4,2,0,'2013-10-20 05:29:26'),
 (32,5,3,0,'2013-10-24 05:47:47'),
 (33,5,1,0,'2013-10-24 05:47:47'),
 (34,5,2,0,'2013-10-24 05:47:47'),
 (35,5,4,0,'2013-10-24 05:47:47'),
 (36,1,5,0,'2013-10-24 06:38:19'),
 (37,2,5,0,'2013-10-25 15:45:08'),
 (38,2,3,0,'2013-10-25 15:45:08'),
 (39,2,4,0,'2013-10-25 15:45:08'),
 (52,2,9,0,'2013-10-26 08:10:41'),
 (53,9,3,0,'2013-10-26 08:10:51'),
 (54,9,1,0,'2013-10-26 08:10:51'),
 (55,9,2,0,'2013-10-26 08:10:52'),
 (56,9,5,0,'2013-10-26 08:10:52'),
 (57,9,4,0,'2013-10-26 08:10:53'),
 (58,1,9,0,'2013-10-26 08:18:50'),
 (65,11,3,0,'2013-10-27 04:40:32'),
 (66,11,9,0,'2013-10-27 04:40:32'),
 (67,11,1,0,'2013-10-27 04:40:32'),
 (68,11,2,0,'2013-10-27 04:40:32'),
 (69,11,5,0,'2013-10-27 04:40:32'),
 (70,11,4,0,'2013-10-27 04:40:32'),
 (71,1,12,0,'2013-10-27 04:44:09'),
 (72,3,12,0,'2013-10-27 04:44:09'),
 (73,4,12,0,'2013-10-27 04:44:09'),
 (74,5,12,0,'2013-10-27 04:44:09'),
 (75,2,12,0,'2013-10-27 04:44:09'),
 (76,9,12,0,'2013-10-27 04:44:18'),
 (77,11,12,0,'2013-10-27 04:44:18'),
 (78,12,3,0,'2013-10-27 04:44:18'),
 (79,12,9,0,'2013-10-27 04:44:18'),
 (80,12,1,0,'2013-10-27 04:44:18'),
 (81,12,11,0,'2013-10-27 04:44:18'),
 (82,12,2,0,'2013-10-27 04:44:19'),
 (83,12,5,0,'2013-10-27 04:44:19'),
 (84,12,4,0,'2013-10-27 04:44:19'),
 (85,1,13,0,'2013-10-27 04:46:12'),
 (86,3,13,0,'2013-10-27 04:46:12'),
 (87,4,13,0,'2013-10-27 04:46:12'),
 (88,5,13,0,'2013-10-27 04:46:12'),
 (89,2,13,0,'2013-10-27 04:46:12'),
 (90,9,13,0,'2013-10-27 04:46:24'),
 (91,11,13,0,'2013-10-27 04:46:24'),
 (92,12,13,0,'2013-10-27 04:46:24'),
 (93,13,3,0,'2013-10-27 04:46:26'),
 (94,13,9,0,'2013-10-27 04:46:26'),
 (95,13,1,0,'2013-10-27 04:46:26'),
 (96,13,11,0,'2013-10-27 04:46:26'),
 (97,13,2,0,'2013-10-27 04:46:26'),
 (98,13,5,0,'2013-10-27 04:46:27'),
 (99,13,12,0,'2013-10-27 04:46:27'),
 (100,13,4,0,'2013-10-27 04:46:27'),
 (101,1,14,0,'2013-10-27 04:50:21'),
 (102,3,14,0,'2013-10-27 04:50:21'),
 (103,4,14,0,'2013-10-27 04:50:21'),
 (104,5,14,0,'2013-10-27 04:50:21'),
 (105,2,14,0,'2013-10-27 04:50:21'),
 (106,9,14,0,'2013-10-27 04:50:30'),
 (107,11,14,0,'2013-10-27 04:50:30'),
 (108,12,14,0,'2013-10-27 04:50:30'),
 (109,13,14,0,'2013-10-27 04:50:30'),
 (110,14,3,0,'2013-10-27 04:50:31'),
 (111,14,9,0,'2013-10-27 04:50:31'),
 (112,14,1,0,'2013-10-27 04:50:31'),
 (113,14,11,0,'2013-10-27 04:50:31'),
 (114,14,13,0,'2013-10-27 04:50:31'),
 (115,14,2,0,'2013-10-27 04:50:31'),
 (116,14,5,0,'2013-10-27 04:50:31'),
 (117,14,12,0,'2013-10-27 04:50:31'),
 (118,14,4,0,'2013-10-27 04:50:31'),
 (119,1,15,0,'2013-10-27 04:53:49'),
 (120,3,15,0,'2013-10-27 04:53:49'),
 (121,4,15,0,'2013-10-27 04:53:49'),
 (122,5,15,0,'2013-10-27 04:53:49'),
 (123,2,15,0,'2013-10-27 04:53:49'),
 (124,9,15,0,'2013-10-27 04:53:55'),
 (125,11,15,0,'2013-10-27 04:53:55'),
 (126,12,15,0,'2013-10-27 04:53:55'),
 (127,13,15,0,'2013-10-27 04:53:55'),
 (128,14,15,0,'2013-10-27 04:53:55'),
 (129,15,14,0,'2013-10-27 04:53:55'),
 (130,15,3,0,'2013-10-27 04:53:55'),
 (131,15,9,0,'2013-10-27 04:53:55'),
 (132,15,1,0,'2013-10-27 04:53:55'),
 (133,15,11,0,'2013-10-27 04:53:55'),
 (134,15,13,0,'2013-10-27 04:53:55'),
 (135,15,2,0,'2013-10-27 04:53:56'),
 (136,15,5,0,'2013-10-27 04:53:56'),
 (137,15,12,0,'2013-10-27 04:53:56'),
 (138,15,4,0,'2013-10-27 04:53:56'),
 (139,1,11,0,'2013-10-27 04:54:31'),
 (140,1,16,0,'2013-10-27 05:25:45'),
 (141,3,16,0,'2013-10-27 05:25:45'),
 (142,4,16,0,'2013-10-27 05:25:45'),
 (143,5,16,0,'2013-10-27 05:25:45'),
 (144,2,16,0,'2013-10-27 05:25:45'),
 (145,9,16,0,'2013-10-27 05:25:50'),
 (146,11,16,0,'2013-10-27 05:25:50'),
 (147,12,16,0,'2013-10-27 05:25:50'),
 (148,13,16,0,'2013-10-27 05:25:50'),
 (149,14,16,0,'2013-10-27 05:25:50'),
 (150,15,16,0,'2013-10-27 05:25:50'),
 (151,16,14,0,'2013-10-27 05:25:51'),
 (152,16,3,0,'2013-10-27 05:25:51'),
 (153,16,9,0,'2013-10-27 05:25:51'),
 (154,16,1,0,'2013-10-27 05:25:51'),
 (155,16,11,0,'2013-10-27 05:25:51'),
 (156,16,13,0,'2013-10-27 05:25:51'),
 (157,16,15,0,'2013-10-27 05:25:51'),
 (158,16,2,0,'2013-10-27 05:25:51'),
 (159,16,5,0,'2013-10-27 05:25:51'),
 (160,16,12,0,'2013-10-27 05:25:51'),
 (161,16,4,0,'2013-10-27 05:25:51'),
 (162,1,3,0,'2013-11-02 16:46:48'),
 (164,1,1,0,'2013-09-06 16:39:49'),
 (165,2,2,0,'2013-09-22 19:52:04'),
 (166,3,3,0,'2013-10-20 05:20:00'),
 (167,4,4,0,'2013-10-20 05:29:25'),
 (168,5,5,0,'2013-10-24 05:47:46'),
 (169,9,9,0,'2013-10-26 08:10:41'),
 (170,11,11,0,'2013-10-27 04:40:30'),
 (171,12,12,0,'2013-10-27 04:44:08'),
 (172,13,13,0,'2013-10-27 04:46:12'),
 (173,14,14,0,'2013-10-27 04:50:21'),
 (174,15,15,0,'2013-10-27 04:53:49'),
 (175,16,16,0,'2013-10-27 05:25:45');
UNLOCK TABLES;
/*!40000 ALTER TABLE `sh_scapes_follow` ENABLE KEYS */;


--
-- Definition of table `scapes`.`sh_scapes_group`
--

DROP TABLE IF EXISTS `scapes`.`sh_scapes_group`;
CREATE TABLE  `scapes`.`sh_scapes_group` (
  `group_id` bigint(20) NOT NULL AUTO_INCREMENT,
  `group_name` varchar(45) DEFAULT NULL,
  `group_description` varchar(2048) DEFAULT NULL,
  `alias` varchar(45) DEFAULT NULL,
  `dp_hash` varchar(45) DEFAULT NULL,
  `wallpaper_hash` varchar(45) DEFAULT NULL,
  `member_count` bigint(20) DEFAULT NULL,
  `creation_date` datetime DEFAULT NULL,
  PRIMARY KEY (`group_id`)
) ENGINE=InnoDB DEFAULT CHARSET=utf8;

--
-- Dumping data for table `scapes`.`sh_scapes_group`
--

/*!40000 ALTER TABLE `sh_scapes_group` DISABLE KEYS */;
LOCK TABLES `sh_scapes_group` WRITE;
UNLOCK TABLES;
/*!40000 ALTER TABLE `sh_scapes_group` ENABLE KEYS */;


--
-- Definition of table `scapes`.`sh_scapes_group_membership`
--

DROP TABLE IF EXISTS `scapes`.`sh_scapes_group_membership`;
CREATE TABLE  `scapes`.`sh_scapes_group_membership` (
  `membership_id` bigint(20) NOT NULL AUTO_INCREMENT,
  `group_id` bigint(20) DEFAULT NULL,
  `member_id` bigint(20) DEFAULT NULL,
  `member_type` int(11) DEFAULT NULL,
  `is_admin` tinyint(1) DEFAULT NULL,
  `timestamp` datetime DEFAULT NULL,
  PRIMARY KEY (`membership_id`),
  KEY `fk_group_id_idx` (`group_id`),
  CONSTRAINT `fk_group_id` FOREIGN KEY (`group_id`) REFERENCES `sh_scapes_group` (`group_id`) ON DELETE CASCADE ON UPDATE CASCADE
) ENGINE=InnoDB DEFAULT CHARSET=utf8;

--
-- Dumping data for table `scapes`.`sh_scapes_group_membership`
--

/*!40000 ALTER TABLE `sh_scapes_group_membership` DISABLE KEYS */;
LOCK TABLES `sh_scapes_group_membership` WRITE;
UNLOCK TABLES;
/*!40000 ALTER TABLE `sh_scapes_group_membership` ENABLE KEYS */;


--
-- Definition of table `scapes`.`sh_scapes_message_dispatch`
--

DROP TABLE IF EXISTS `scapes`.`sh_scapes_message_dispatch`;
CREATE TABLE  `scapes`.`sh_scapes_message_dispatch` (
  `dispatch_id` bigint(20) NOT NULL AUTO_INCREMENT,
  `thread_id` bigint(20) DEFAULT NULL,
  `sender_id` bigint(20) DEFAULT NULL,
  `sender_type` int(11) DEFAULT NULL,
  `recipient_id` bigint(20) DEFAULT NULL,
  PRIMARY KEY (`dispatch_id`)
) ENGINE=InnoDB DEFAULT CHARSET=utf8;

--
-- Dumping data for table `scapes`.`sh_scapes_message_dispatch`
--

/*!40000 ALTER TABLE `sh_scapes_message_dispatch` DISABLE KEYS */;
LOCK TABLES `sh_scapes_message_dispatch` WRITE;
UNLOCK TABLES;
/*!40000 ALTER TABLE `sh_scapes_message_dispatch` ENABLE KEYS */;


--
-- Definition of table `scapes`.`sh_scapes_passcode`
--

DROP TABLE IF EXISTS `scapes`.`sh_scapes_passcode`;
CREATE TABLE  `scapes`.`sh_scapes_passcode` (
  `passcode_id` bigint(20) NOT NULL AUTO_INCREMENT,
  `user_id` bigint(20) DEFAULT NULL,
  `token_id` bigint(20) DEFAULT NULL,
  `passcode` int(11) DEFAULT NULL,
  `timestamp` datetime DEFAULT NULL,
  PRIMARY KEY (`passcode_id`),
  KEY `fk_sh_scapes_passcode_user_id_idx` (`user_id`),
  KEY `sh_scapes_passcode_token_id_idx` (`token_id`),
  CONSTRAINT `fk_sh_scapes_passcode_user_id` FOREIGN KEY (`user_id`) REFERENCES `sh_user` (`user_id`) ON DELETE NO ACTION ON UPDATE NO ACTION,
  CONSTRAINT `sh_scapes_passcode_token_id` FOREIGN KEY (`token_id`) REFERENCES `sh_scapes_access_token` (`token_id`) ON DELETE NO ACTION ON UPDATE NO ACTION
) ENGINE=InnoDB AUTO_INCREMENT=6 DEFAULT CHARSET=utf8;

--
-- Dumping data for table `scapes`.`sh_scapes_passcode`
--

/*!40000 ALTER TABLE `sh_scapes_passcode` DISABLE KEYS */;
LOCK TABLES `sh_scapes_passcode` WRITE;
UNLOCK TABLES;
/*!40000 ALTER TABLE `sh_scapes_passcode` ENABLE KEYS */;


--
-- Definition of table `scapes`.`sh_scapes_phone_number`
--

DROP TABLE IF EXISTS `scapes`.`sh_scapes_phone_number`;
CREATE TABLE  `scapes`.`sh_scapes_phone_number` (
  `number_id` bigint(20) NOT NULL AUTO_INCREMENT,
  `user_id` bigint(20) DEFAULT NULL,
  `prefix_id` bigint(20) DEFAULT NULL,
  `number` varchar(45) DEFAULT NULL,
  `timestamp` datetime DEFAULT NULL,
  PRIMARY KEY (`number_id`),
  KEY `fk_phone_number_user_id_idx` (`user_id`),
  KEY `fk_phone_number_prefix_id_idx` (`prefix_id`),
  CONSTRAINT `fk_phone_number_prefix_id` FOREIGN KEY (`prefix_id`) REFERENCES `sh_scapes_phone_prefix` (`prefix_id`) ON DELETE NO ACTION ON UPDATE NO ACTION,
  CONSTRAINT `fk_phone_number_user_id` FOREIGN KEY (`user_id`) REFERENCES `sh_user` (`user_id`) ON DELETE CASCADE ON UPDATE CASCADE
) ENGINE=InnoDB AUTO_INCREMENT=27 DEFAULT CHARSET=utf8;

--
-- Dumping data for table `scapes`.`sh_scapes_phone_number`
--

/*!40000 ALTER TABLE `sh_scapes_phone_number` DISABLE KEYS */;
LOCK TABLES `sh_scapes_phone_number` WRITE;
INSERT INTO `scapes`.`sh_scapes_phone_number` VALUES  (1,1,3,'3442703','2013-09-06 16:39:49'),
 (2,2,1,'4828505','2013-09-22 19:52:04'),
 (12,3,1,'6447713','2013-10-20 05:20:00'),
 (13,4,1,'1890400','2013-10-20 05:29:25'),
 (15,5,1,'5189689','2013-10-24 05:47:46'),
 (19,9,3,'6440275','2013-10-26 08:10:41'),
 (21,11,1,'7285183','2013-10-27 04:40:30'),
 (22,12,4,'2741990','2013-10-27 04:44:08'),
 (23,13,4,'1029270','2013-10-27 04:46:12'),
 (24,14,3,'5823229','2013-10-27 04:50:21'),
 (25,15,3,'2817268','2013-10-27 04:53:49'),
 (26,16,1,'2823749','2013-10-27 05:25:45');
UNLOCK TABLES;
/*!40000 ALTER TABLE `sh_scapes_phone_number` ENABLE KEYS */;


--
-- Definition of table `scapes`.`sh_scapes_phone_prefix`
--

DROP TABLE IF EXISTS `scapes`.`sh_scapes_phone_prefix`;
CREATE TABLE  `scapes`.`sh_scapes_phone_prefix` (
  `prefix_id` bigint(20) NOT NULL AUTO_INCREMENT,
  `prefix` varchar(10) DEFAULT NULL,
  `teleco_id` bigint(20) DEFAULT NULL,
  `country_id` bigint(20) DEFAULT NULL,
  `suspended` tinyint(1) DEFAULT NULL,
  PRIMARY KEY (`prefix_id`),
  KEY `fk_scapes_phone_prefix_teleco_id_idx` (`teleco_id`),
  KEY `fk_scapes_phone_prefix_country_id_idx` (`country_id`),
  CONSTRAINT `fk_scapes_phone_prefix_country_id` FOREIGN KEY (`country_id`) REFERENCES `sh_country` (`country_id`) ON DELETE NO ACTION ON UPDATE NO ACTION,
  CONSTRAINT `fk_scapes_phone_prefix_teleco_id` FOREIGN KEY (`teleco_id`) REFERENCES `sh_teleco` (`teleco_id`) ON DELETE NO ACTION ON UPDATE NO ACTION
) ENGINE=InnoDB AUTO_INCREMENT=5 DEFAULT CHARSET=utf8;

--
-- Dumping data for table `scapes`.`sh_scapes_phone_prefix`
--

/*!40000 ALTER TABLE `sh_scapes_phone_prefix` DISABLE KEYS */;
LOCK TABLES `sh_scapes_phone_prefix` WRITE;
INSERT INTO `scapes`.`sh_scapes_phone_prefix` VALUES  (1,'55',1,225,0),
 (2,'52',1,225,0),
 (3,'50',2,225,0),
 (4,'56',2,225,0);
UNLOCK TABLES;
/*!40000 ALTER TABLE `sh_scapes_phone_prefix` ENABLE KEYS */;


--
-- Definition of table `scapes`.`sh_scapes_potential_user`
--

DROP TABLE IF EXISTS `scapes`.`sh_scapes_potential_user`;
CREATE TABLE  `scapes`.`sh_scapes_potential_user` (
  `user_id` bigint(20) NOT NULL AUTO_INCREMENT,
  `name` varchar(191) CHARACTER SET utf8mb4 COLLATE utf8mb4_unicode_ci DEFAULT NULL,
  `country_code` varchar(5) DEFAULT NULL,
  `prefix` varchar(10) DEFAULT NULL,
  `phone_number` varchar(45) DEFAULT NULL,
  `adder_user_id` bigint(20) DEFAULT NULL,
  `timestamp` datetime DEFAULT NULL,
  PRIMARY KEY (`user_id`),
  KEY `fk_potential_user_adder_id_idx` (`adder_user_id`),
  CONSTRAINT `fk_potential_user_adder_id` FOREIGN KEY (`adder_user_id`) REFERENCES `sh_user` (`user_id`) ON DELETE CASCADE ON UPDATE CASCADE
) ENGINE=InnoDB AUTO_INCREMENT=2248 DEFAULT CHARSET=utf8;

--
-- Dumping data for table `scapes`.`sh_scapes_potential_user`
--

/*!40000 ALTER TABLE `sh_scapes_potential_user` DISABLE KEYS */;
LOCK TABLES `sh_scapes_potential_user` WRITE;
INSERT INTO `scapes`.`sh_scapes_potential_user` VALUES  (103,'Ali','971','50','2263990',2,'2013-09-22 19:52:08'),
 (104,'Eva','971','56','2146777',2,'2013-09-22 19:52:08'),
 (106,'Isra Arif','971','50','9703562',2,'2013-09-22 19:52:08'),
 (113,'Peter','971','55','2017015',2,'2013-09-22 19:52:08'),
 (116,'BNF','971','50','3550180',2,'2013-09-22 19:52:08'),
 (117,'Ismail','971','56','6313738',2,'2013-09-22 19:52:08'),
 (118,'Tamila Koks','971','56','1313520',2,'2013-09-22 19:52:08'),
 (122,'Azadeh','971','55','2323474',2,'2013-09-22 19:52:08'),
 (123,'Rima El Jandali','971','50','4687838',2,'2013-09-22 19:52:08'),
 (124,'Jibran Konkar','971','50','1182089',2,'2013-09-22 19:52:08'),
 (125,'Fazile','971','56','1493553',2,'2013-09-22 19:52:08'),
 (126,'Slava','971','55','9970124',2,'2013-09-22 19:52:08'),
 (127,'Tasneem','971','56','1759786',2,'2013-09-22 19:52:08'),
 (128,'Unknown','971','55','5092236',2,'2013-09-22 19:52:08'),
 (129,'Ali UOWD','971','50','4303565',2,'2013-09-22 19:52:08'),
 (859,'Khalil Sido','971','50','7666950',1,'2013-10-12 15:53:07'),
 (860,'Abdullah Khan','971','50','2679513',1,'2013-10-12 15:53:07'),
 (862,'Abdullah Khan','971','50','9037925',1,'2013-10-12 15:53:07'),
 (863,'Abdullah Khan','971','55','8693470',1,'2013-10-12 15:53:07'),
 (865,'Dad','971','55','6440275',1,'2013-10-12 15:53:07'),
 (866,'Mom','971','50','8860552',1,'2013-10-12 15:53:07'),
 (867,'Mom','971','50','6550532',1,'2013-10-12 15:53:07'),
 (868,'Mom','971','50','5521995',1,'2013-10-12 15:53:07'),
 (869,'Mayla ?','971','50','3442700',1,'2013-10-12 15:53:07'),
 (870,'Ahmad Hafez','971','50','6135138',1,'2013-10-12 15:53:07'),
 (871,'Anas Ashraq','971','55','8877948',1,'2013-10-12 15:53:07'),
 (872,'Aymen Al-Mtowaq','971','50','1500433',1,'2013-10-12 15:53:07'),
 (873,'Aysha Razzouk','971','50','6917595',1,'2013-10-12 15:53:07'),
 (874,'Darelle Pawley','971','50','5590205',1,'2013-10-12 15:53:07'),
 (875,'Jeilly','971','56','6058056',1,'2013-10-12 15:53:07'),
 (877,'Kourosh Yazdani','971','50','7425002',1,'2013-10-12 15:53:07'),
 (879,'Omar Al-Bastaki','971','50','4242420',1,'2013-10-12 15:53:07'),
 (880,'Rasha Jabri','971','52','8650711',1,'2013-10-12 15:53:07'),
 (882,'Tracy Pawley','971','50','5516562',1,'2013-10-12 15:53:07'),
 (883,'Wessam Iskandarani','971','56','6029294',1,'2013-10-12 15:53:07'),
 (884,'Wessam Iskandarani','971','56','6938765',1,'2013-10-12 15:53:07'),
 (885,'Wessam Iskandarani','971','55','8834857',1,'2013-10-12 15:53:07'),
 (886,'Saeed Bin Bilela','971','50','6254555',1,'2013-10-12 15:53:07'),
 (887,'Souren Hagop','971','50','8832832',1,'2013-10-12 15:53:07'),
 (888,'Rashid Al-Shirawi','971','50','6007171',1,'2013-10-12 15:53:07'),
 (889,'Roseil','971','50','2860021',1,'2013-10-12 15:53:07'),
 (890,'Gellow','971','50','6588553',1,'2013-10-12 15:53:07'),
 (891,'Nizar Al-Sibai','971','55','8856215',1,'2013-10-12 15:53:07'),
 (893,'Mohammed Mallah','971','50','3831994',1,'2013-10-12 15:53:07'),
 (894,'Mohammed Rawashdeh','971','50','2838761',1,'2013-10-12 15:53:07'),
 (895,'Mustafa Razzouk','971','50','4561799',1,'2013-10-12 15:53:07'),
 (896,'Joud Jabri','971','50','3307852',1,'2013-10-12 15:53:07'),
 (897,'Lara','971','50','8860990',1,'2013-10-12 15:53:07'),
 (898,'Mohammed Al-Marri','971','50','4265560',1,'2013-10-12 15:53:07'),
 (900,'Hashem Hmoud','971','56','3502625',1,'2013-10-12 15:53:07'),
 (901,'Sarfaraz Alam','971','50','2882125',1,'2013-10-12 15:53:07'),
 (902,'Jonsen','971','50','9413188',1,'2013-10-12 15:53:07'),
 (904,'Fairoz Khan','971','55','6530987',1,'2013-10-12 15:53:07'),
 (905,'Tasneem','971','50','9108945',1,'2013-10-12 15:53:07'),
 (906,'Majed Al-Khatib','971','50','7989300',1,'2013-10-12 15:53:07'),
 (907,'Jeremy Boocher','971','56','7786534',1,'2013-10-12 15:53:07'),
 (908,'Ammar Shahid','971','55','6582070',1,'2013-10-12 15:53:07'),
 (909,'Uzair','971','50','5083538',1,'2013-10-12 15:53:07'),
 (910,'Maqsood Shahid','971','55','9057738',1,'2013-10-12 15:53:07'),
 (911,'Hasan Al-Saadi','971','50','5972655',1,'2013-10-12 15:53:07'),
 (912,'Adnan Shaikh','971','56','7380100',1,'2013-10-12 15:53:07'),
 (914,'Thaer','971','55','2251193',1,'2013-10-12 15:53:07'),
 (915,'Hassan Khan','971','56','6961082',1,'2013-10-12 15:53:07'),
 (916,'Huzaifa Hodzic','971','55','4176250',1,'2013-10-12 15:53:07'),
 (917,'Anna Kurkova','971','50','1064538',1,'2013-10-12 15:53:07'),
 (918,'Alfred James','971','50','3450203',1,'2013-10-12 15:53:07'),
 (919,'Alfred James','971','56','2297989',1,'2013-10-12 15:53:07'),
 (920,'Sarah Diab','971','56','2416536',1,'2013-10-12 15:53:07'),
 (921,'Fountain Abani','971','55','5835462',1,'2013-10-12 15:53:07'),
 (923,'Shahoud Walid','971','55','5100580',1,'2013-10-12 15:53:07'),
 (924,'Dubai Creek Golf & Yacht Club','971','50','1704693',1,'2013-10-12 15:53:07'),
 (926,'Abrahim Baig','971','50','5003769',1,'2013-10-12 15:53:07'),
 (927,'Mina Soltan','971','50','1082389',1,'2013-10-12 15:53:07'),
 (928,'Rachel Dorms','971','50','4618931',1,'2013-10-12 15:53:07'),
 (929,'سارة حورية','971','56','3496344',1,'2013-10-12 15:53:07'),
 (930,'Mohammed Hassan','971','55','5559300',1,'2013-10-12 15:53:07'),
 (931,'Cyrus','971','52','8473395',1,'2013-10-12 15:53:07'),
 (932,'Sumati','971','50','3290771',1,'2013-10-12 15:53:07'),
 (933,'Mayla Hourieh','971','56','3496330',1,'2013-10-12 15:53:07'),
 (934,'Salah Masad','971','50','9807556',1,'2013-10-12 15:53:07'),
 (935,'Ahmad Shatnawi','971','56','6969123',1,'2013-10-12 15:53:07'),
 (936,'Ahmad Shatnawi','971','50','1019286',1,'2013-10-12 15:53:07'),
 (937,'Ibrahim Hashim','971','50','4409802',1,'2013-10-12 15:53:07'),
 (938,'Naya Hourieh','971','56','3496343',1,'2013-10-12 15:53:07'),
 (939,'Nosheen Ahmed','971','50','3635099',1,'2013-10-12 15:53:07'),
 (940,'Mehrdad Ansari','971','56','1322420',1,'2013-10-12 15:53:07'),
 (941,'Mehrdad Ansari','971','55','1685819',1,'2013-10-12 15:53:07'),
 (942,'Ahmed Gargash','971','50','5159403',1,'2013-10-12 15:53:07'),
 (943,'Ahmed Gargash','971','52','9977374',1,'2013-10-12 15:53:07'),
 (944,'Sam Al-Hashimi','971','55','6089071',1,'2013-10-12 15:53:07'),
 (945,'Ana','971','56','3909440',1,'2013-10-12 15:53:07'),
 (946,'Kimberly Britto','971','50','8584489',1,'2013-10-12 15:53:07'),
 (947,'Alia Al-Khatib','971','50','1058732',1,'2013-10-12 15:53:07'),
 (948,'Saeed Karimnia','971','52','7986188',1,'2013-10-12 15:53:07'),
 (949,'Wassim Raslan','971','50','3025030',1,'2013-10-12 15:53:07'),
 (950,'Gareth Warren','971','55','5132344',1,'2013-10-12 15:53:07'),
 (951,'Ahmad Sleeq','971','50','3208910',1,'2013-10-12 15:53:07'),
 (952,'Ayham Ghorani','971','50','5668205',1,'2013-10-12 15:53:07'),
 (953,'Saed Ghorani','971','56','2630401',1,'2013-10-12 15:53:07'),
 (954,'Namir Shehaadeh','971','56','6522779',1,'2013-10-12 15:53:07'),
 (955,'Adnan Al-Hammadi','971','50','5509099',1,'2013-10-12 15:53:07'),
 (956,'Ramadan Abdullah','971','55','6006633',1,'2013-10-12 15:53:07'),
 (957,'Ramadan Abdullah','971','50','6547176',1,'2013-10-12 15:53:07'),
 (958,'Mhrdd Nsr','971','55','1444040',1,'2013-10-12 15:53:07'),
 (959,'Hassan Al Mutawa','971','50','2400700',1,'2013-10-12 15:53:07'),
 (960,'Ali Abadi','971','50','6663864',1,'2013-10-12 15:53:07'),
 (961,'Leith Matthews','971','55','1040581',1,'2013-10-12 15:53:07'),
 (1066,'Mohammed Rawashdeh','971','56','9302892',1,'2013-10-20 04:44:13'),
 (1070,'Khalil Sido','971','50','7666950',3,'2013-10-20 05:20:02'),
 (1071,'Abdullah Khan','971','50','2679513',3,'2013-10-20 05:20:02'),
 (1072,'Abdullah Khan','971','50','9037925',3,'2013-10-20 05:20:02'),
 (1073,'Abdullah Khan','971','55','8693470',3,'2013-10-20 05:20:02'),
 (1075,'Dad','971','55','6440275',3,'2013-10-20 05:20:02'),
 (1076,'Mom','971','50','8860552',3,'2013-10-20 05:20:02'),
 (1077,'Mom','971','50','6550532',3,'2013-10-20 05:20:02'),
 (1078,'Mom','971','50','5521995',3,'2013-10-20 05:20:02'),
 (1079,'Mayla ?','971','50','3442700',3,'2013-10-20 05:20:02'),
 (1080,'Ahmad Hafez','971','50','6135138',3,'2013-10-20 05:20:02'),
 (1081,'Anas Ashraq','971','55','8877948',3,'2013-10-20 05:20:02'),
 (1082,'Aymen Al-Mtowaq','971','50','1500433',3,'2013-10-20 05:20:02'),
 (1083,'Aysha Razzouk','971','50','6917595',3,'2013-10-20 05:20:02'),
 (1084,'Darelle Pawley','971','50','5590205',3,'2013-10-20 05:20:02'),
 (1085,'Jeilly','971','56','6058056',3,'2013-10-20 05:20:02'),
 (1086,'Kourosh Yazdani','971','50','7425002',3,'2013-10-20 05:20:02'),
 (1088,'Omar Al-Bastaki','971','50','4242420',3,'2013-10-20 05:20:02'),
 (1089,'Rasha Jabri','971','52','8650711',3,'2013-10-20 05:20:02'),
 (1091,'Tracy Pawley','971','50','5516562',3,'2013-10-20 05:20:02'),
 (1092,'Wessam Iskandarani','971','56','6029294',3,'2013-10-20 05:20:02'),
 (1093,'Wessam Iskandarani','971','56','6938765',3,'2013-10-20 05:20:02'),
 (1094,'Wessam Iskandarani','971','55','8834857',3,'2013-10-20 05:20:02'),
 (1095,'Saeed Bin Bilela','971','50','6254555',3,'2013-10-20 05:20:02'),
 (1096,'Souren Hagop','971','50','8832832',3,'2013-10-20 05:20:02'),
 (1097,'Rashid Al-Shirawi','971','50','6007171',3,'2013-10-20 05:20:02'),
 (1098,'Roseil','971','50','2860021',3,'2013-10-20 05:20:02'),
 (1099,'Gellow','971','50','6588553',3,'2013-10-20 05:20:02'),
 (1100,'Nizar Al-Sibai','971','55','8856215',3,'2013-10-20 05:20:02'),
 (1101,'Mohammed Mallah','971','50','3831994',3,'2013-10-20 05:20:02'),
 (1102,'Mohammed Rawashdeh','971','56','9302892',3,'2013-10-20 05:20:02'),
 (1103,'Mustafa Razzouk','971','50','4561799',3,'2013-10-20 05:20:02'),
 (1104,'Joud Jabri','971','50','3307852',3,'2013-10-20 05:20:02'),
 (1105,'Lara','971','50','8860990',3,'2013-10-20 05:20:02'),
 (1106,'Mohammed Al-Marri','971','50','4265560',3,'2013-10-20 05:20:02'),
 (1108,'Hashem Hmoud','971','56','3502625',3,'2013-10-20 05:20:02'),
 (1109,'Sarfaraz Alam','971','50','2882125',3,'2013-10-20 05:20:02'),
 (1110,'Jonsen','971','50','9413188',3,'2013-10-20 05:20:02'),
 (1112,'Fairoz Khan','971','55','6530987',3,'2013-10-20 05:20:02'),
 (1113,'Tasneem','971','50','9108945',3,'2013-10-20 05:20:02'),
 (1114,'Majed Al-Khatib','971','50','7989300',3,'2013-10-20 05:20:02'),
 (1115,'Jeremy Boocher','971','56','7786534',3,'2013-10-20 05:20:02'),
 (1116,'Ammar Shahid','971','55','6582070',3,'2013-10-20 05:20:02'),
 (1117,'Uzair','971','50','5083538',3,'2013-10-20 05:20:02'),
 (1118,'Maqsood Shahid','971','55','9057738',3,'2013-10-20 05:20:02'),
 (1119,'Hasan Al-Saadi','971','50','5972655',3,'2013-10-20 05:20:02'),
 (1120,'Adnan Shaikh','971','56','7380100',3,'2013-10-20 05:20:02'),
 (1121,'Thaer','971','55','2251193',3,'2013-10-20 05:20:02'),
 (1122,'Hassan Khan','971','56','6961082',3,'2013-10-20 05:20:02'),
 (1123,'Huzaifa Hodzic','971','55','4176250',3,'2013-10-20 05:20:02'),
 (1124,'Anna Kurkova','971','50','1064538',3,'2013-10-20 05:20:02'),
 (1125,'Alfred James','971','50','3450203',3,'2013-10-20 05:20:02'),
 (1126,'Alfred James','971','56','2297989',3,'2013-10-20 05:20:02'),
 (1127,'Sarah Diab','971','56','2416536',3,'2013-10-20 05:20:02'),
 (1128,'Fountain Abani','971','55','5835462',3,'2013-10-20 05:20:02'),
 (1130,'Shahoud Walid','971','55','5100580',3,'2013-10-20 05:20:02'),
 (1131,'Dubai Creek Golf & Yacht Club','971','50','1704693',3,'2013-10-20 05:20:02'),
 (1133,'Abrahim Baig','971','50','5003769',3,'2013-10-20 05:20:02'),
 (1134,'Mina Soltan','971','50','1082389',3,'2013-10-20 05:20:02'),
 (1135,'Rachel Dorms','971','50','4618931',3,'2013-10-20 05:20:02'),
 (1136,'سارة حورية','971','56','3496344',3,'2013-10-20 05:20:02'),
 (1137,'Mohammed Hassan','971','55','5559300',3,'2013-10-20 05:20:02'),
 (1138,'Cyrus','971','52','8473395',3,'2013-10-20 05:20:02'),
 (1139,'Sumati','971','50','3290771',3,'2013-10-20 05:20:02'),
 (1140,'Mayla Hourieh','971','56','3496330',3,'2013-10-20 05:20:02'),
 (1141,'Salah Masad','971','50','9807556',3,'2013-10-20 05:20:02'),
 (1142,'Ahmad Shatnawi','971','56','6969123',3,'2013-10-20 05:20:02'),
 (1143,'Ahmad Shatnawi','971','50','1019286',3,'2013-10-20 05:20:02'),
 (1144,'Ibrahim Hashim','971','50','4409802',3,'2013-10-20 05:20:02'),
 (1145,'Naya Hourieh','971','56','3496343',3,'2013-10-20 05:20:02'),
 (1146,'Nosheen Ahmed','971','50','3635099',3,'2013-10-20 05:20:02'),
 (1147,'Mehrdad Ansari','971','56','1322420',3,'2013-10-20 05:20:02'),
 (1148,'Mehrdad Ansari','971','55','1685819',3,'2013-10-20 05:20:02'),
 (1149,'Ahmed Gargash','971','50','5159403',3,'2013-10-20 05:20:02'),
 (1150,'Ahmed Gargash','971','52','9977374',3,'2013-10-20 05:20:02'),
 (1151,'Sam Al-Hashimi','971','55','6089071',3,'2013-10-20 05:20:02'),
 (1152,'Ana','971','56','3909440',3,'2013-10-20 05:20:02'),
 (1153,'Kimberly Britto','971','50','8584489',3,'2013-10-20 05:20:02'),
 (1154,'Alia Al-Khatib','971','50','1058732',3,'2013-10-20 05:20:02'),
 (1155,'Saeed Karimnia','971','52','7986188',3,'2013-10-20 05:20:02'),
 (1156,'Wassim Raslan','971','50','3025030',3,'2013-10-20 05:20:02'),
 (1157,'Gareth Warren','971','55','5132344',3,'2013-10-20 05:20:02'),
 (1158,'Ahmad Sleeq','971','50','3208910',3,'2013-10-20 05:20:02'),
 (1159,'Ayham Ghorani','971','50','5668205',3,'2013-10-20 05:20:02'),
 (1160,'Saed Ghorani','971','56','2630401',3,'2013-10-20 05:20:02'),
 (1161,'Namir Shehaadeh','971','56','6522779',3,'2013-10-20 05:20:02'),
 (1162,'Adnan Al-Hammadi','971','50','5509099',3,'2013-10-20 05:20:02'),
 (1163,'Ramadan Abdullah','971','55','6006633',3,'2013-10-20 05:20:02'),
 (1164,'Ramadan Abdullah','971','50','6547176',3,'2013-10-20 05:20:02'),
 (1165,'Hassan Al Mutawa','971','50','2400700',3,'2013-10-20 05:20:02'),
 (1166,'Ali Abadi','971','50','6663864',3,'2013-10-20 05:20:02'),
 (1167,'Leith Matthews','971','55','1040581',3,'2013-10-20 05:20:02'),
 (1168,'Mhrdd Nsr','971','55','1444040',3,'2013-10-20 05:20:02'),
 (1171,'Khalil Sido','971','50','7666950',4,'2013-10-20 05:29:25'),
 (1172,'Abdullah Khan','971','50','2679513',4,'2013-10-20 05:29:25'),
 (1173,'Abdullah Khan','971','50','9037925',4,'2013-10-20 05:29:25'),
 (1174,'Abdullah Khan','971','55','8693470',4,'2013-10-20 05:29:25'),
 (1176,'Dad','971','55','6440275',4,'2013-10-20 05:29:25'),
 (1177,'Mom','971','50','8860552',4,'2013-10-20 05:29:25'),
 (1178,'Mom','971','50','6550532',4,'2013-10-20 05:29:25'),
 (1179,'Mom','971','50','5521995',4,'2013-10-20 05:29:25'),
 (1180,'Mayla ?','971','50','3442700',4,'2013-10-20 05:29:25'),
 (1181,'Ahmad Hafez','971','50','6135138',4,'2013-10-20 05:29:25'),
 (1182,'Anas Ashraq','971','55','8877948',4,'2013-10-20 05:29:25'),
 (1183,'Aymen Al-Mtowaq','971','50','1500433',4,'2013-10-20 05:29:25'),
 (1184,'Aysha Razzouk','971','50','6917595',4,'2013-10-20 05:29:25'),
 (1185,'Darelle Pawley','971','50','5590205',4,'2013-10-20 05:29:25'),
 (1186,'Jeilly','971','56','6058056',4,'2013-10-20 05:29:25'),
 (1187,'Kourosh Yazdani','971','50','7425002',4,'2013-10-20 05:29:25'),
 (1189,'Omar Al-Bastaki','971','50','4242420',4,'2013-10-20 05:29:25'),
 (1190,'Rasha Jabri','971','52','8650711',4,'2013-10-20 05:29:25'),
 (1192,'Tracy Pawley','971','50','5516562',4,'2013-10-20 05:29:25'),
 (1193,'Wessam Iskandarani','971','56','6029294',4,'2013-10-20 05:29:25'),
 (1194,'Wessam Iskandarani','971','56','6938765',4,'2013-10-20 05:29:25'),
 (1195,'Wessam Iskandarani','971','55','8834857',4,'2013-10-20 05:29:25'),
 (1196,'Saeed Bin Bilela','971','50','6254555',4,'2013-10-20 05:29:25'),
 (1197,'Souren Hagop','971','50','8832832',4,'2013-10-20 05:29:25'),
 (1198,'Rashid Al-Shirawi','971','50','6007171',4,'2013-10-20 05:29:25'),
 (1199,'Roseil','971','50','2860021',4,'2013-10-20 05:29:26'),
 (1200,'Gellow','971','50','6588553',4,'2013-10-20 05:29:26'),
 (1201,'Nizar Al-Sibai','971','55','8856215',4,'2013-10-20 05:29:26'),
 (1202,'Mohammed Mallah','971','50','3831994',4,'2013-10-20 05:29:26'),
 (1203,'Mohammed Rawashdeh','971','56','9302892',4,'2013-10-20 05:29:26'),
 (1204,'Mustafa Razzouk','971','50','4561799',4,'2013-10-20 05:29:26'),
 (1205,'Joud Jabri','971','50','3307852',4,'2013-10-20 05:29:26'),
 (1206,'Lara','971','50','8860990',4,'2013-10-20 05:29:26'),
 (1207,'Mohammed Al-Marri','971','50','4265560',4,'2013-10-20 05:29:26'),
 (1209,'Hashem Hmoud','971','56','3502625',4,'2013-10-20 05:29:26'),
 (1210,'Sarfaraz Alam','971','50','2882125',4,'2013-10-20 05:29:26'),
 (1211,'Jonsen','971','50','9413188',4,'2013-10-20 05:29:26'),
 (1213,'Fairoz Khan','971','55','6530987',4,'2013-10-20 05:29:26'),
 (1214,'Tasneem','971','50','9108945',4,'2013-10-20 05:29:26'),
 (1215,'Majed Al-Khatib','971','50','7989300',4,'2013-10-20 05:29:26'),
 (1216,'Jeremy Boocher','971','56','7786534',4,'2013-10-20 05:29:26'),
 (1217,'Ammar Shahid','971','55','6582070',4,'2013-10-20 05:29:26'),
 (1218,'Uzair','971','50','5083538',4,'2013-10-20 05:29:26'),
 (1219,'Maqsood Shahid','971','55','9057738',4,'2013-10-20 05:29:26'),
 (1220,'Hasan Al-Saadi','971','50','5972655',4,'2013-10-20 05:29:26'),
 (1221,'Adnan Shaikh','971','56','7380100',4,'2013-10-20 05:29:26'),
 (1222,'Thaer','971','55','2251193',4,'2013-10-20 05:29:26'),
 (1223,'Hassan Khan','971','56','6961082',4,'2013-10-20 05:29:26'),
 (1224,'Huzaifa Hodzic','971','55','4176250',4,'2013-10-20 05:29:26'),
 (1225,'Anna Kurkova','971','50','1064538',4,'2013-10-20 05:29:26'),
 (1226,'Alfred James','971','50','3450203',4,'2013-10-20 05:29:26'),
 (1227,'Alfred James','971','56','2297989',4,'2013-10-20 05:29:26'),
 (1228,'Sarah Diab','971','56','2416536',4,'2013-10-20 05:29:26'),
 (1229,'Fountain Abani','971','55','5835462',4,'2013-10-20 05:29:26'),
 (1231,'Shahoud Walid','971','55','5100580',4,'2013-10-20 05:29:26'),
 (1232,'Dubai Creek Golf & Yacht Club','971','50','1704693',4,'2013-10-20 05:29:26'),
 (1234,'Abrahim Baig','971','50','5003769',4,'2013-10-20 05:29:26'),
 (1235,'Mina Soltan','971','50','1082389',4,'2013-10-20 05:29:26'),
 (1236,'Rachel Dorms','971','50','4618931',4,'2013-10-20 05:29:26'),
 (1237,'سارة حورية','971','56','3496344',4,'2013-10-20 05:29:26'),
 (1238,'Mohammed Hassan','971','55','5559300',4,'2013-10-20 05:29:26'),
 (1239,'Cyrus','971','52','8473395',4,'2013-10-20 05:29:26'),
 (1240,'Sumati','971','50','3290771',4,'2013-10-20 05:29:26'),
 (1241,'Mayla Hourieh','971','56','3496330',4,'2013-10-20 05:29:26'),
 (1242,'Salah Masad','971','50','9807556',4,'2013-10-20 05:29:26'),
 (1243,'Ahmad Shatnawi','971','56','6969123',4,'2013-10-20 05:29:26'),
 (1244,'Ahmad Shatnawi','971','50','1019286',4,'2013-10-20 05:29:26'),
 (1245,'Ibrahim Hashim','971','50','4409802',4,'2013-10-20 05:29:26'),
 (1246,'Naya Hourieh','971','56','3496343',4,'2013-10-20 05:29:26'),
 (1247,'Nosheen Ahmed','971','50','3635099',4,'2013-10-20 05:29:26'),
 (1248,'Mehrdad Ansari','971','56','1322420',4,'2013-10-20 05:29:26'),
 (1249,'Mehrdad Ansari','971','55','1685819',4,'2013-10-20 05:29:26'),
 (1250,'Ahmed Gargash','971','50','5159403',4,'2013-10-20 05:29:26'),
 (1251,'Ahmed Gargash','971','52','9977374',4,'2013-10-20 05:29:26'),
 (1252,'Sam Al-Hashimi','971','55','6089071',4,'2013-10-20 05:29:26'),
 (1253,'Ana','971','56','3909440',4,'2013-10-20 05:29:26'),
 (1254,'Kimberly Britto','971','50','8584489',4,'2013-10-20 05:29:26'),
 (1255,'Alia Al-Khatib','971','50','1058732',4,'2013-10-20 05:29:26'),
 (1256,'Saeed Karimnia','971','52','7986188',4,'2013-10-20 05:29:26'),
 (1257,'Wassim Raslan','971','50','3025030',4,'2013-10-20 05:29:26'),
 (1258,'Gareth Warren','971','55','5132344',4,'2013-10-20 05:29:26'),
 (1259,'Ahmad Sleeq','971','50','3208910',4,'2013-10-20 05:29:26'),
 (1260,'Ayham Ghorani','971','50','5668205',4,'2013-10-20 05:29:26'),
 (1261,'Saed Ghorani','971','56','2630401',4,'2013-10-20 05:29:26'),
 (1262,'Namir Shehaadeh','971','56','6522779',4,'2013-10-20 05:29:26'),
 (1263,'Adnan Al-Hammadi','971','50','5509099',4,'2013-10-20 05:29:26'),
 (1264,'Ramadan Abdullah','971','55','6006633',4,'2013-10-20 05:29:26'),
 (1265,'Ramadan Abdullah','971','50','6547176',4,'2013-10-20 05:29:26'),
 (1266,'Hassan Al Mutawa','971','50','2400700',4,'2013-10-20 05:29:26'),
 (1267,'Ali Abadi','971','50','6663864',4,'2013-10-20 05:29:26'),
 (1268,'Leith Matthews','971','55','1040581',4,'2013-10-20 05:29:26'),
 (1269,'Mhrdd Nsr','971','55','1444040',4,'2013-10-20 05:29:26'),
 (1271,'Khalil Sido','971','50','7666950',5,'2013-10-24 05:47:47'),
 (1272,'Abdullah Khan','971','50','2679513',5,'2013-10-24 05:47:47'),
 (1273,'Abdullah Khan','971','50','9037925',5,'2013-10-24 05:47:47'),
 (1274,'Abdullah Khan','971','55','8693470',5,'2013-10-24 05:47:47'),
 (1276,'Dad','971','55','6440275',5,'2013-10-24 05:47:47'),
 (1277,'Mom','971','50','8860552',5,'2013-10-24 05:47:47'),
 (1278,'Mom','971','50','6550532',5,'2013-10-24 05:47:47'),
 (1279,'Mom','971','50','5521995',5,'2013-10-24 05:47:47'),
 (1280,'Mayla ?','971','50','3442700',5,'2013-10-24 05:47:47'),
 (1281,'Ahmad Hafez','971','50','6135138',5,'2013-10-24 05:47:47'),
 (1282,'Anas Ashraq','971','55','8877948',5,'2013-10-24 05:47:47'),
 (1283,'Aymen Al-Mtowaq','971','50','1500433',5,'2013-10-24 05:47:47'),
 (1284,'Aysha Razzouk','971','50','6917595',5,'2013-10-24 05:47:47'),
 (1285,'Darelle Pawley','971','50','5590205',5,'2013-10-24 05:47:47'),
 (1286,'Jeilly','971','56','6058056',5,'2013-10-24 05:47:47'),
 (1287,'Kourosh Yazdani','971','50','7425002',5,'2013-10-24 05:47:47'),
 (1289,'Omar Al-Bastaki','971','50','4242420',5,'2013-10-24 05:47:47'),
 (1290,'Rasha Jabri','971','52','8650711',5,'2013-10-24 05:47:47'),
 (1292,'Tracy Pawley','971','50','5516562',5,'2013-10-24 05:47:47'),
 (1293,'Wessam Iskandarani','971','56','6029294',5,'2013-10-24 05:47:47'),
 (1294,'Wessam Iskandarani','971','56','6938765',5,'2013-10-24 05:47:47'),
 (1295,'Wessam Iskandarani','971','55','8834857',5,'2013-10-24 05:47:47'),
 (1296,'Saeed Bin Bilela','971','50','6254555',5,'2013-10-24 05:47:47'),
 (1297,'Souren Hagop','971','50','8832832',5,'2013-10-24 05:47:47'),
 (1298,'Rashid Al-Shirawi','971','50','6007171',5,'2013-10-24 05:47:47'),
 (1299,'Roseil','971','50','2860021',5,'2013-10-24 05:47:47'),
 (1300,'Gellow','971','50','6588553',5,'2013-10-24 05:47:47'),
 (1301,'Nizar Al-Sibai','971','55','8856215',5,'2013-10-24 05:47:47'),
 (1302,'Mohammed Mallah','971','50','3831994',5,'2013-10-24 05:47:47'),
 (1303,'Mohammed Rawashdeh','971','56','9302892',5,'2013-10-24 05:47:47'),
 (1304,'Mustafa Razzouk','971','50','4561799',5,'2013-10-24 05:47:47'),
 (1305,'Joud Jabri','971','50','3307852',5,'2013-10-24 05:47:47'),
 (1306,'Lara','971','50','8860990',5,'2013-10-24 05:47:47'),
 (1307,'Mohammed Al-Marri','971','50','4265560',5,'2013-10-24 05:47:47'),
 (1309,'Hashem Hmoud','971','56','3502625',5,'2013-10-24 05:47:47'),
 (1310,'Sarfaraz Alam','971','50','2882125',5,'2013-10-24 05:47:47'),
 (1311,'Jonsen','971','50','9413188',5,'2013-10-24 05:47:47'),
 (1313,'Fairoz Khan','971','55','6530987',5,'2013-10-24 05:47:47'),
 (1314,'Tasneem','971','50','9108945',5,'2013-10-24 05:47:47'),
 (1315,'Majed Al-Khatib','971','50','7989300',5,'2013-10-24 05:47:47'),
 (1316,'Jeremy Boocher','971','56','7786534',5,'2013-10-24 05:47:47'),
 (1317,'Ammar Shahid','971','55','6582070',5,'2013-10-24 05:47:47'),
 (1318,'Uzair','971','50','5083538',5,'2013-10-24 05:47:47'),
 (1319,'Maqsood Shahid','971','55','9057738',5,'2013-10-24 05:47:47'),
 (1320,'Hasan Al-Saadi','971','50','5972655',5,'2013-10-24 05:47:47'),
 (1321,'Adnan Shaikh','971','56','7380100',5,'2013-10-24 05:47:47'),
 (1322,'Thaer','971','55','2251193',5,'2013-10-24 05:47:47'),
 (1323,'Hassan Khan','971','56','6961082',5,'2013-10-24 05:47:47'),
 (1324,'Huzaifa Hodzic','971','55','4176250',5,'2013-10-24 05:47:47'),
 (1325,'Anna Kurkova','971','50','1064538',5,'2013-10-24 05:47:47'),
 (1326,'Alfred James','971','50','3450203',5,'2013-10-24 05:47:47'),
 (1327,'Alfred James','971','56','2297989',5,'2013-10-24 05:47:47'),
 (1328,'Sarah Diab','971','56','2416536',5,'2013-10-24 05:47:47'),
 (1329,'Fountain Abani','971','55','5835462',5,'2013-10-24 05:47:47'),
 (1330,'Shahoud Walid','971','55','5100580',5,'2013-10-24 05:47:47'),
 (1331,'Dubai Creek Golf & Yacht Club','971','50','1704693',5,'2013-10-24 05:47:47'),
 (1333,'Abrahim Baig','971','50','5003769',5,'2013-10-24 05:47:47'),
 (1334,'Mina Soltan','971','50','1082389',5,'2013-10-24 05:47:47'),
 (1335,'Rachel Dorms','971','50','4618931',5,'2013-10-24 05:47:47'),
 (1336,'سارة حورية','971','56','3496344',5,'2013-10-24 05:47:47'),
 (1337,'Mohammed Hassan','971','55','5559300',5,'2013-10-24 05:47:47'),
 (1338,'Cyrus','971','52','8473395',5,'2013-10-24 05:47:47'),
 (1339,'Sumati','971','50','3290771',5,'2013-10-24 05:47:47'),
 (1340,'Mayla Hourieh','971','56','3496330',5,'2013-10-24 05:47:47'),
 (1341,'Salah Masad','971','50','9807556',5,'2013-10-24 05:47:47'),
 (1342,'Ahmad Shatnawi','971','56','6969123',5,'2013-10-24 05:47:47'),
 (1343,'Ahmad Shatnawi','971','50','1019286',5,'2013-10-24 05:47:47'),
 (1344,'Ibrahim Hashim','971','50','4409802',5,'2013-10-24 05:47:47'),
 (1345,'Naya Hourieh','971','56','3496343',5,'2013-10-24 05:47:47'),
 (1346,'Nosheen Ahmed','971','50','3635099',5,'2013-10-24 05:47:47'),
 (1347,'Mehrdad Ansari','971','56','1322420',5,'2013-10-24 05:47:47'),
 (1348,'Mehrdad Ansari','971','55','1685819',5,'2013-10-24 05:47:47'),
 (1349,'Ahmed Gargash','971','50','5159403',5,'2013-10-24 05:47:47'),
 (1350,'Ahmed Gargash','971','52','9977374',5,'2013-10-24 05:47:47'),
 (1351,'Sam Al-Hashimi','971','55','6089071',5,'2013-10-24 05:47:47'),
 (1352,'Ana','971','56','3909440',5,'2013-10-24 05:47:47'),
 (1353,'Kimberly Britto','971','50','8584489',5,'2013-10-24 05:47:47'),
 (1354,'Alia Al-Khatib','971','50','1058732',5,'2013-10-24 05:47:47'),
 (1355,'Saeed Karimnia','971','52','7986188',5,'2013-10-24 05:47:47'),
 (1356,'Wassim Raslan','971','50','3025030',5,'2013-10-24 05:47:47'),
 (1357,'Gareth Warren','971','55','5132344',5,'2013-10-24 05:47:47'),
 (1358,'Ahmad Sleeq','971','50','3208910',5,'2013-10-24 05:47:47'),
 (1359,'Ayham Ghorani','971','50','5668205',5,'2013-10-24 05:47:47'),
 (1360,'Saed Ghorani','971','56','2630401',5,'2013-10-24 05:47:47'),
 (1361,'Namir Shehaadeh','971','56','6522779',5,'2013-10-24 05:47:47'),
 (1362,'Adnan Al-Hammadi','971','50','5509099',5,'2013-10-24 05:47:47'),
 (1363,'Ramadan Abdullah','971','55','6006633',5,'2013-10-24 05:47:47'),
 (1364,'Ramadan Abdullah','971','50','6547176',5,'2013-10-24 05:47:47'),
 (1365,'Hassan Al Mutawa','971','50','2400700',5,'2013-10-24 05:47:47'),
 (1366,'Ali Abadi','971','50','6663864',5,'2013-10-24 05:47:47'),
 (1367,'Leith Matthews','971','55','1040581',5,'2013-10-24 05:47:47'),
 (1368,'Mhrdd Nsr','971','55','1444040',5,'2013-10-24 05:47:47'),
 (1369,'Lara','971','50','8860990',2,'2013-10-25 15:45:08'),
 (1370,'Mohammed Mallah','971','50','3831994',2,'2013-10-25 15:45:08'),
 (1371,'Wessam Iskandarani','971','56','6029294',2,'2013-10-25 15:45:08'),
 (1372,'Wessam Iskandarani','971','56','6938765',2,'2013-10-25 15:45:08'),
 (1373,'Wessam Iskandarani','971','55','8834857',2,'2013-10-25 15:45:08'),
 (1374,'Ammar Shahid','971','55','6582070',2,'2013-10-25 15:45:08'),
 (1375,'Alia Al-Khatib','971','50','1058732',2,'2013-10-25 15:45:08'),
 (1376,'Darelle Pawley','971','50','5590205',2,'2013-10-25 15:45:08'),
 (1377,'Mom','971','50','8860552',2,'2013-10-25 15:45:08'),
 (1378,'Mom','971','50','6550532',2,'2013-10-25 15:45:08'),
 (1379,'Mom','971','50','5521995',2,'2013-10-25 15:45:08'),
 (1380,'Saeed Karimnia','971','52','7986188',2,'2013-10-25 15:45:08'),
 (1381,'Adnan Shaikh','971','56','7380100',2,'2013-10-25 15:45:08'),
 (1382,'Mayla ?','971','50','3442700',2,'2013-10-25 15:45:08'),
 (1383,'Rasha Jabri','971','52','8650711',2,'2013-10-25 15:45:08'),
 (1384,'Sarfaraz Alam','971','50','2882125',2,'2013-10-25 15:45:08'),
 (1385,'Kourosh Yazdani','971','50','7425002',2,'2013-10-25 15:45:08'),
 (1386,'Hassan Khan','971','56','6961082',2,'2013-10-25 15:45:08'),
 (1387,'Mohammed Al-Marri','971','50','4265560',2,'2013-10-25 15:45:08'),
 (1388,'Abrahim Baig','971','50','5003769',2,'2013-10-25 15:45:08'),
 (1389,'Anna Kurkova','971','50','1064538',2,'2013-10-25 15:45:08'),
 (1390,'Thaer','971','55','2251193',2,'2013-10-25 15:45:08'),
 (1391,'Mehrdad Ansari','971','56','1322420',2,'2013-10-25 15:45:08'),
 (1392,'Mehrdad Ansari','971','55','1685819',2,'2013-10-25 15:45:08'),
 (1393,'Anas Ashraq','971','55','8877948',2,'2013-10-25 15:45:08'),
 (1394,'Mustafa Razzouk','971','50','4561799',2,'2013-10-25 15:45:08'),
 (1395,'Jonsen','971','50','9413188',2,'2013-10-25 15:45:08'),
 (1396,'Fairoz Khan','971','55','6530987',2,'2013-10-25 15:45:08'),
 (1397,'Sarah Diab','971','56','2416536',2,'2013-10-25 15:45:08'),
 (1399,'Dad','971','55','6440275',2,'2013-10-25 15:45:08'),
 (1400,'Rashid Al-Shirawi','971','50','6007171',2,'2013-10-25 15:45:08'),
 (1401,'Mohammed Rawashdeh','971','56','9302892',2,'2013-10-25 15:45:08'),
 (1402,'Sumati','971','50','3290771',2,'2013-10-25 15:45:08'),
 (1403,'Souren Hagop','971','50','8832832',2,'2013-10-25 15:45:08'),
 (1404,'Saeed Bin Bilela','971','50','6254555',2,'2013-10-25 15:45:08'),
 (1405,'Fountain Abani','971','55','5835462',2,'2013-10-25 15:45:08'),
 (1406,'Nizar Al-Sibai','971','55','8856215',2,'2013-10-25 15:45:08'),
 (1408,'Jeremy Boocher','971','56','7786534',2,'2013-10-25 15:45:08'),
 (1409,'Mohammed Hassan','971','55','5559300',2,'2013-10-25 15:45:08'),
 (1410,'Ibrahim Hashim','971','50','4409802',2,'2013-10-25 15:45:08'),
 (1411,'Jeilly','971','56','6058056',2,'2013-10-25 15:45:08'),
 (1412,'Tasneem','971','50','9108945',2,'2013-10-25 15:45:08'),
 (1413,'Maqsood Shahid','971','55','9057738',2,'2013-10-25 15:45:08'),
 (1414,'Hasan Al-Saadi','971','50','5972655',2,'2013-10-25 15:45:08'),
 (1415,'Joud Jabri','971','50','3307852',2,'2013-10-25 15:45:08'),
 (1417,'Gareth Warren','971','55','5132344',2,'2013-10-25 15:45:08'),
 (1418,'Shahoud Walid','971','55','5100580',2,'2013-10-25 15:45:08'),
 (1420,'Aysha Razzouk','971','50','6917595',2,'2013-10-25 15:45:08'),
 (1421,'Abdullah Khan','971','50','2679513',2,'2013-10-25 15:45:08'),
 (1422,'Abdullah Khan','971','50','9037925',2,'2013-10-25 15:45:08'),
 (1423,'Abdullah Khan','971','55','8693470',2,'2013-10-25 15:45:08'),
 (1424,'Ahmad Hafez','971','50','6135138',2,'2013-10-25 15:45:08'),
 (1425,'Omar Al-Bastaki','971','50','4242420',2,'2013-10-25 15:45:08'),
 (1427,'Hashem Hmoud','971','56','3502625',2,'2013-10-25 15:45:08'),
 (1428,'Ahmed Gargash','971','50','5159403',2,'2013-10-25 15:45:08'),
 (1429,'Ahmed Gargash','971','52','9977374',2,'2013-10-25 15:45:08'),
 (1430,'Tracy Pawley','971','50','5516562',2,'2013-10-25 15:45:08'),
 (1431,'Gellow','971','50','6588553',2,'2013-10-25 15:45:08'),
 (1432,'Sam Al-Hashimi','971','55','6089071',2,'2013-10-25 15:45:08'),
 (1433,'Roseil','971','50','2860021',2,'2013-10-25 15:45:08'),
 (1434,'Huzaifa Hodzic','971','55','4176250',2,'2013-10-25 15:45:08'),
 (1436,'Majed Al-Khatib','971','50','7989300',2,'2013-10-25 15:45:08'),
 (1437,'Aymen Al-Mtowaq','971','50','1500433',2,'2013-10-25 15:45:08'),
 (1438,'Ahmad Shatnawi','971','56','6969123',2,'2013-10-25 15:45:08'),
 (1439,'Ahmad Shatnawi','971','50','1019286',2,'2013-10-25 15:45:08'),
 (1440,'Dubai Creek Golf & Yacht Club','971','50','1704693',2,'2013-10-25 15:45:08'),
 (1441,'Alfred James','971','50','3450203',2,'2013-10-25 15:45:08'),
 (1442,'Alfred James','971','56','2297989',2,'2013-10-25 15:45:08'),
 (1443,'Khalil Sido','971','50','7666950',2,'2013-10-25 15:45:08'),
 (1444,'Uzair','971','50','5083538',2,'2013-10-25 15:45:08'),
 (1445,'Mayla Hourieh','971','56','3496330',2,'2013-10-25 15:45:08'),
 (1446,'سارة حورية','971','56','3496344',2,'2013-10-25 15:45:08'),
 (1447,'Naya Hourieh','971','56','3496343',2,'2013-10-25 15:45:08'),
 (1449,'Wassim Raslan','971','50','3025030',2,'2013-10-25 15:45:08'),
 (1450,'Salah Masad','971','50','9807556',2,'2013-10-25 15:45:08'),
 (1451,'Mina Soltan','971','50','1082389',2,'2013-10-25 15:45:08'),
 (1452,'Rachel Dorms','971','50','4618931',2,'2013-10-25 15:45:08'),
 (1453,'Ana','971','56','3909440',2,'2013-10-25 15:45:08'),
 (1454,'Nosheen Ahmed','971','50','3635099',2,'2013-10-25 15:45:08'),
 (1455,'Kimberly Britto','971','50','8584489',2,'2013-10-25 15:45:08'),
 (1456,'Ahmad Sleeq','971','50','3208910',2,'2013-10-25 15:45:08'),
 (1457,'Cyrus','971','52','8473395',2,'2013-10-25 15:45:08'),
 (1458,'Ayham Ghorani','971','50','5668205',2,'2013-10-25 15:45:08'),
 (1459,'Saed Ghorani','971','56','2630401',2,'2013-10-25 15:45:08'),
 (1460,'Namir Shehaadeh','971','56','6522779',2,'2013-10-25 15:45:08'),
 (1461,'Adnan Al-Hammadi','971','50','5509099',2,'2013-10-25 15:45:08'),
 (1462,'Ramadan Abdullah','971','55','6006633',2,'2013-10-25 15:45:08'),
 (1463,'Ramadan Abdullah','971','50','6547176',2,'2013-10-25 15:45:08'),
 (1464,'Ali Abadi','971','50','6663864',2,'2013-10-25 15:45:08'),
 (1465,'Hassan Al Mutawa','971','50','2400700',2,'2013-10-25 15:45:08'),
 (1466,'Mhrdd Nsr','971','55','1444040',2,'2013-10-25 15:45:08'),
 (1467,'Leith Matthews','971','55','1040581',2,'2013-10-25 15:45:08'),
 (1570,'Khalil Sido','971','50','7666950',9,'2013-10-26 08:10:51'),
 (1571,'Abdullah Khan','971','50','2679513',9,'2013-10-26 08:10:51'),
 (1572,'Abdullah Khan','971','50','9037925',9,'2013-10-26 08:10:51'),
 (1573,'Abdullah Khan','971','55','8693470',9,'2013-10-26 08:10:51'),
 (1574,'Dad','971','55','6440275',9,'2013-10-26 08:10:51'),
 (1575,'Mom','971','50','8860552',9,'2013-10-26 08:10:51'),
 (1576,'Mom','971','50','6550532',9,'2013-10-26 08:10:51'),
 (1577,'Mom','971','50','5521995',9,'2013-10-26 08:10:51'),
 (1578,'Mayla ?','971','50','3442700',9,'2013-10-26 08:10:51'),
 (1579,'Ahmad Hafez','971','50','6135138',9,'2013-10-26 08:10:51'),
 (1580,'Anas Ashraq','971','55','8877948',9,'2013-10-26 08:10:51'),
 (1581,'Aymen Al-Mtowaq','971','50','1500433',9,'2013-10-26 08:10:51'),
 (1582,'Aysha Razzouk','971','50','6917595',9,'2013-10-26 08:10:51'),
 (1583,'Darelle Pawley','971','50','5590205',9,'2013-10-26 08:10:51'),
 (1584,'Jeilly','971','56','6058056',9,'2013-10-26 08:10:51'),
 (1585,'Kourosh Yazdani','971','50','7425002',9,'2013-10-26 08:10:51'),
 (1587,'Omar Al-Bastaki','971','50','4242420',9,'2013-10-26 08:10:51'),
 (1588,'Rasha Jabri','971','52','8650711',9,'2013-10-26 08:10:51'),
 (1590,'Tracy Pawley','971','50','5516562',9,'2013-10-26 08:10:51'),
 (1591,'Wessam Iskandarani','971','56','6029294',9,'2013-10-26 08:10:51'),
 (1592,'Wessam Iskandarani','971','56','6938765',9,'2013-10-26 08:10:51'),
 (1593,'Wessam Iskandarani','971','55','8834857',9,'2013-10-26 08:10:51'),
 (1594,'Saeed Bin Bilela','971','50','6254555',9,'2013-10-26 08:10:51'),
 (1595,'Souren Hagop','971','50','8832832',9,'2013-10-26 08:10:51'),
 (1596,'Rashid Al-Shirawi','971','50','6007171',9,'2013-10-26 08:10:51'),
 (1597,'Roseil','971','50','2860021',9,'2013-10-26 08:10:51'),
 (1598,'Gellow','971','50','6588553',9,'2013-10-26 08:10:51'),
 (1599,'Nizar Al-Sibai','971','55','8856215',9,'2013-10-26 08:10:52'),
 (1600,'Mohammed Mallah','971','50','3831994',9,'2013-10-26 08:10:52'),
 (1601,'Mohammed Rawashdeh','971','56','9302892',9,'2013-10-26 08:10:52'),
 (1602,'Mustafa Razzouk','971','50','4561799',9,'2013-10-26 08:10:52'),
 (1603,'Joud Jabri','971','50','3307852',9,'2013-10-26 08:10:52'),
 (1604,'Lara','971','50','8860990',9,'2013-10-26 08:10:52'),
 (1605,'Mohammed Al-Marri','971','50','4265560',9,'2013-10-26 08:10:52'),
 (1607,'Hashem Hmoud','971','56','3502625',9,'2013-10-26 08:10:52'),
 (1608,'Sarfaraz Alam','971','50','2882125',9,'2013-10-26 08:10:52'),
 (1609,'Jonsen','971','50','9413188',9,'2013-10-26 08:10:52'),
 (1611,'Fairoz Khan','971','55','6530987',9,'2013-10-26 08:10:52'),
 (1612,'Tasneem','971','50','9108945',9,'2013-10-26 08:10:52'),
 (1613,'Majed Al-Khatib','971','50','7989300',9,'2013-10-26 08:10:52'),
 (1614,'Jeremy Boocher','971','56','7786534',9,'2013-10-26 08:10:52'),
 (1615,'Ammar Shahid','971','55','6582070',9,'2013-10-26 08:10:52'),
 (1616,'Uzair','971','50','5083538',9,'2013-10-26 08:10:52'),
 (1617,'Maqsood Shahid','971','55','9057738',9,'2013-10-26 08:10:52'),
 (1618,'Hasan Al-Saadi','971','50','5972655',9,'2013-10-26 08:10:52'),
 (1619,'Adnan Shaikh','971','56','7380100',9,'2013-10-26 08:10:52'),
 (1620,'Thaer','971','55','2251193',9,'2013-10-26 08:10:52'),
 (1621,'Hassan Khan','971','56','6961082',9,'2013-10-26 08:10:52'),
 (1622,'Huzaifa Hodzic','971','55','4176250',9,'2013-10-26 08:10:52'),
 (1623,'Anna Kurkova','971','50','1064538',9,'2013-10-26 08:10:52'),
 (1624,'Alfred James','971','50','3450203',9,'2013-10-26 08:10:52'),
 (1625,'Alfred James','971','56','2297989',9,'2013-10-26 08:10:52'),
 (1626,'Sarah Diab','971','56','2416536',9,'2013-10-26 08:10:52'),
 (1627,'Fountain Abani','971','55','5835462',9,'2013-10-26 08:10:52'),
 (1628,'Shahoud Walid','971','55','5100580',9,'2013-10-26 08:10:53'),
 (1629,'Dubai Creek Golf & Yacht Club','971','50','1704693',9,'2013-10-26 08:10:53'),
 (1631,'Abrahim Baig','971','50','5003769',9,'2013-10-26 08:10:53'),
 (1632,'Mina Soltan','971','50','1082389',9,'2013-10-26 08:10:53'),
 (1633,'Rachel Dorms','971','50','4618931',9,'2013-10-26 08:10:53'),
 (1634,'سارة حورية','971','56','3496344',9,'2013-10-26 08:10:53'),
 (1635,'Mohammed Hassan','971','55','5559300',9,'2013-10-26 08:10:53'),
 (1636,'Cyrus','971','52','8473395',9,'2013-10-26 08:10:53'),
 (1637,'Sumati','971','50','3290771',9,'2013-10-26 08:10:53'),
 (1638,'Mayla Hourieh','971','56','3496330',9,'2013-10-26 08:10:53'),
 (1639,'Salah Masad','971','50','9807556',9,'2013-10-26 08:10:53'),
 (1640,'Ahmad Shatnawi','971','56','6969123',9,'2013-10-26 08:10:53'),
 (1641,'Ahmad Shatnawi','971','50','1019286',9,'2013-10-26 08:10:53'),
 (1642,'Ibrahim Hashim','971','50','4409802',9,'2013-10-26 08:10:53'),
 (1643,'Naya Hourieh','971','56','3496343',9,'2013-10-26 08:10:53'),
 (1644,'Nosheen Ahmed','971','50','3635099',9,'2013-10-26 08:10:53'),
 (1645,'Mehrdad Ansari','971','56','1322420',9,'2013-10-26 08:10:53'),
 (1646,'Mehrdad Ansari','971','55','1685819',9,'2013-10-26 08:10:53'),
 (1647,'Ahmed Gargash','971','50','5159403',9,'2013-10-26 08:10:53'),
 (1648,'Ahmed Gargash','971','52','9977374',9,'2013-10-26 08:10:53'),
 (1649,'Sam Al-Hashimi','971','55','6089071',9,'2013-10-26 08:10:53'),
 (1650,'Ana','971','56','3909440',9,'2013-10-26 08:10:53'),
 (1651,'Kimberly Britto','971','50','8584489',9,'2013-10-26 08:10:53'),
 (1652,'Alia Al-Khatib','971','50','1058732',9,'2013-10-26 08:10:53'),
 (1653,'Saeed Karimnia','971','52','7986188',9,'2013-10-26 08:10:53'),
 (1654,'Wassim Raslan','971','50','3025030',9,'2013-10-26 08:10:53'),
 (1655,'Gareth Warren','971','55','5132344',9,'2013-10-26 08:10:53'),
 (1656,'Ahmad Sleeq','971','50','3208910',9,'2013-10-26 08:10:53'),
 (1657,'Ayham Ghorani','971','50','5668205',9,'2013-10-26 08:10:53'),
 (1658,'Saed Ghorani','971','56','2630401',9,'2013-10-26 08:10:53'),
 (1659,'Namir Shehaadeh','971','56','6522779',9,'2013-10-26 08:10:53'),
 (1660,'Adnan Al-Hammadi','971','50','5509099',9,'2013-10-26 08:10:53'),
 (1661,'Ramadan Abdullah','971','55','6006633',9,'2013-10-26 08:10:53'),
 (1662,'Ramadan Abdullah','971','50','6547176',9,'2013-10-26 08:10:53'),
 (1663,'Hassan Al Mutawa','971','50','2400700',9,'2013-10-26 08:10:53'),
 (1664,'Ali Abadi','971','50','6663864',9,'2013-10-26 08:10:53'),
 (1665,'Leith Matthews','971','55','1040581',9,'2013-10-26 08:10:53'),
 (1666,'Mhrdd Nsr','971','55','1444040',9,'2013-10-26 08:10:53'),
 (1668,'Khalil Sido','971','50','7666950',11,'2013-10-27 04:40:32'),
 (1669,'Abdullah Khan','971','50','2679513',11,'2013-10-27 04:40:32'),
 (1670,'Abdullah Khan','971','50','9037925',11,'2013-10-27 04:40:32'),
 (1671,'Abdullah Khan','971','55','8693470',11,'2013-10-27 04:40:32'),
 (1672,'Dad','971','55','6440275',11,'2013-10-27 04:40:32'),
 (1673,'Mom','971','50','8860552',11,'2013-10-27 04:40:32'),
 (1674,'Mom','971','50','6550532',11,'2013-10-27 04:40:32'),
 (1675,'Mom','971','50','5521995',11,'2013-10-27 04:40:32'),
 (1676,'Mayla ?','971','50','3442700',11,'2013-10-27 04:40:32'),
 (1677,'Ahmad Hafez','971','50','6135138',11,'2013-10-27 04:40:32'),
 (1678,'Anas Ashraq','971','55','8877948',11,'2013-10-27 04:40:32'),
 (1679,'Aymen Al-Mtowaq','971','50','1500433',11,'2013-10-27 04:40:32'),
 (1680,'Aysha Razzouk','971','50','6917595',11,'2013-10-27 04:40:32'),
 (1681,'Darelle Pawley','971','50','5590205',11,'2013-10-27 04:40:32'),
 (1682,'Jeilly','971','56','6058056',11,'2013-10-27 04:40:32'),
 (1683,'Kourosh Yazdani','971','50','7425002',11,'2013-10-27 04:40:32'),
 (1684,'Omar Al-Bastaki','971','50','4242420',11,'2013-10-27 04:40:32'),
 (1685,'Rasha Jabri','971','52','8650711',11,'2013-10-27 04:40:32'),
 (1687,'Tracy Pawley','971','50','5516562',11,'2013-10-27 04:40:32'),
 (1688,'Wessam Iskandarani','971','56','6029294',11,'2013-10-27 04:40:32'),
 (1689,'Wessam Iskandarani','971','56','6938765',11,'2013-10-27 04:40:32'),
 (1690,'Wessam Iskandarani','971','55','8834857',11,'2013-10-27 04:40:32'),
 (1691,'Saeed Bin Bilela','971','50','6254555',11,'2013-10-27 04:40:32'),
 (1692,'Souren Hagop','971','50','8832832',11,'2013-10-27 04:40:32'),
 (1693,'Rashid Al-Shirawi','971','50','6007171',11,'2013-10-27 04:40:32'),
 (1694,'Roseil','971','50','2860021',11,'2013-10-27 04:40:32'),
 (1695,'Gellow','971','50','6588553',11,'2013-10-27 04:40:32'),
 (1696,'Nizar Al-Sibai','971','55','8856215',11,'2013-10-27 04:40:32'),
 (1697,'Mohammed Mallah','971','50','3831994',11,'2013-10-27 04:40:32'),
 (1698,'Mohammed Rawashdeh','971','56','9302892',11,'2013-10-27 04:40:32'),
 (1699,'Mustafa Razzouk','971','50','4561799',11,'2013-10-27 04:40:32'),
 (1700,'Joud Jabri','971','50','3307852',11,'2013-10-27 04:40:32'),
 (1701,'Lara','971','50','8860990',11,'2013-10-27 04:40:32'),
 (1702,'Mohammed Al-Marri','971','50','4265560',11,'2013-10-27 04:40:32'),
 (1704,'Hashem Hmoud','971','56','3502625',11,'2013-10-27 04:40:32'),
 (1705,'Sarfaraz Alam','971','50','2882125',11,'2013-10-27 04:40:32'),
 (1706,'Jonsen','971','50','9413188',11,'2013-10-27 04:40:32'),
 (1708,'Fairoz Khan','971','55','6530987',11,'2013-10-27 04:40:32'),
 (1709,'Tasneem','971','50','9108945',11,'2013-10-27 04:40:32'),
 (1710,'Majed Al-Khatib','971','50','7989300',11,'2013-10-27 04:40:32'),
 (1711,'Jeremy Boocher','971','56','7786534',11,'2013-10-27 04:40:32'),
 (1712,'Ammar Shahid','971','55','6582070',11,'2013-10-27 04:40:32'),
 (1713,'Uzair','971','50','5083538',11,'2013-10-27 04:40:32'),
 (1714,'Maqsood Shahid','971','55','9057738',11,'2013-10-27 04:40:32'),
 (1715,'Hasan Al-Saadi','971','50','5972655',11,'2013-10-27 04:40:32'),
 (1716,'Adnan Shaikh','971','56','7380100',11,'2013-10-27 04:40:32'),
 (1717,'Thaer','971','55','2251193',11,'2013-10-27 04:40:32'),
 (1718,'Hassan Khan','971','56','6961082',11,'2013-10-27 04:40:32'),
 (1719,'Huzaifa Hodzic','971','55','4176250',11,'2013-10-27 04:40:32'),
 (1720,'Anna Kurkova','971','50','1064538',11,'2013-10-27 04:40:32'),
 (1721,'Alfred James','971','50','3450203',11,'2013-10-27 04:40:32'),
 (1722,'Alfred James','971','56','2297989',11,'2013-10-27 04:40:32'),
 (1723,'Sarah Diab','971','56','2416536',11,'2013-10-27 04:40:32'),
 (1724,'Fountain Abani','971','55','5835462',11,'2013-10-27 04:40:32'),
 (1725,'Shahoud Walid','971','55','5100580',11,'2013-10-27 04:40:32'),
 (1726,'Dubai Creek Golf & Yacht Club','971','50','1704693',11,'2013-10-27 04:40:32'),
 (1728,'Abrahim Baig','971','50','5003769',11,'2013-10-27 04:40:32'),
 (1729,'Mina Soltan','971','50','1082389',11,'2013-10-27 04:40:32'),
 (1730,'Rachel Dorms','971','50','4618931',11,'2013-10-27 04:40:32'),
 (1731,'سارة حورية','971','56','3496344',11,'2013-10-27 04:40:32'),
 (1732,'Mohammed Hassan','971','55','5559300',11,'2013-10-27 04:40:32'),
 (1733,'Cyrus','971','52','8473395',11,'2013-10-27 04:40:32'),
 (1734,'Sumati','971','50','3290771',11,'2013-10-27 04:40:32'),
 (1735,'Mayla Hourieh','971','56','3496330',11,'2013-10-27 04:40:32'),
 (1736,'Salah Masad','971','50','9807556',11,'2013-10-27 04:40:32'),
 (1737,'Ahmad Shatnawi','971','56','6969123',11,'2013-10-27 04:40:32'),
 (1738,'Ahmad Shatnawi','971','50','1019286',11,'2013-10-27 04:40:32'),
 (1739,'Ibrahim Hashim','971','50','4409802',11,'2013-10-27 04:40:32'),
 (1740,'Naya Hourieh','971','56','3496343',11,'2013-10-27 04:40:32'),
 (1741,'Nosheen Ahmed','971','50','3635099',11,'2013-10-27 04:40:32'),
 (1742,'Mehrdad Ansari','971','56','1322420',11,'2013-10-27 04:40:32'),
 (1743,'Mehrdad Ansari','971','55','1685819',11,'2013-10-27 04:40:32'),
 (1744,'Ahmed Gargash','971','50','5159403',11,'2013-10-27 04:40:32'),
 (1745,'Ahmed Gargash','971','52','9977374',11,'2013-10-27 04:40:32'),
 (1746,'Sam Al-Hashimi','971','55','6089071',11,'2013-10-27 04:40:32'),
 (1747,'Ana','971','56','3909440',11,'2013-10-27 04:40:32'),
 (1748,'Kimberly Britto','971','50','8584489',11,'2013-10-27 04:40:32'),
 (1749,'Alia Al-Khatib','971','50','1058732',11,'2013-10-27 04:40:32'),
 (1750,'Saeed Karimnia','971','52','7986188',11,'2013-10-27 04:40:32'),
 (1751,'Wassim Raslan','971','50','3025030',11,'2013-10-27 04:40:32'),
 (1752,'Gareth Warren','971','55','5132344',11,'2013-10-27 04:40:32'),
 (1753,'Ahmad Sleeq','971','50','3208910',11,'2013-10-27 04:40:32'),
 (1754,'Ayham Ghorani','971','50','5668205',11,'2013-10-27 04:40:32'),
 (1755,'Saed Ghorani','971','56','2630401',11,'2013-10-27 04:40:32'),
 (1756,'Namir Shehaadeh','971','56','6522779',11,'2013-10-27 04:40:32'),
 (1757,'Adnan Al-Hammadi','971','50','5509099',11,'2013-10-27 04:40:32'),
 (1758,'Ramadan Abdullah','971','55','6006633',11,'2013-10-27 04:40:32'),
 (1759,'Ramadan Abdullah','971','50','6547176',11,'2013-10-27 04:40:32'),
 (1760,'Hassan Al Mutawa','971','50','2400700',11,'2013-10-27 04:40:32'),
 (1761,'Ali Abadi','971','50','6663864',11,'2013-10-27 04:40:32'),
 (1762,'Leith Matthews','971','55','1040581',11,'2013-10-27 04:40:32'),
 (1763,'Mhrdd Nsr','971','55','1444040',11,'2013-10-27 04:40:32'),
 (1764,'Varun Nanda','971','55','6128390',11,'2013-10-27 04:40:32'),
 (1766,'Khalil Sido','971','50','7666950',12,'2013-10-27 04:44:18'),
 (1767,'Abdullah Khan','971','50','2679513',12,'2013-10-27 04:44:18'),
 (1768,'Abdullah Khan','971','50','9037925',12,'2013-10-27 04:44:18'),
 (1769,'Abdullah Khan','971','55','8693470',12,'2013-10-27 04:44:18'),
 (1770,'Dad','971','55','6440275',12,'2013-10-27 04:44:18'),
 (1771,'Mom','971','50','8860552',12,'2013-10-27 04:44:18'),
 (1772,'Mom','971','50','6550532',12,'2013-10-27 04:44:18'),
 (1773,'Mom','971','50','5521995',12,'2013-10-27 04:44:18'),
 (1774,'Mayla ?','971','50','3442700',12,'2013-10-27 04:44:18'),
 (1775,'Ahmad Hafez','971','50','6135138',12,'2013-10-27 04:44:18'),
 (1776,'Anas Ashraq','971','55','8877948',12,'2013-10-27 04:44:18'),
 (1777,'Aymen Al-Mtowaq','971','50','1500433',12,'2013-10-27 04:44:18'),
 (1778,'Aysha Razzouk','971','50','6917595',12,'2013-10-27 04:44:18'),
 (1779,'Darelle Pawley','971','50','5590205',12,'2013-10-27 04:44:18'),
 (1780,'Jeilly','971','56','6058056',12,'2013-10-27 04:44:18'),
 (1781,'Kourosh Yazdani','971','50','7425002',12,'2013-10-27 04:44:18'),
 (1782,'Omar Al-Bastaki','971','50','4242420',12,'2013-10-27 04:44:18'),
 (1783,'Rasha Jabri','971','52','8650711',12,'2013-10-27 04:44:18'),
 (1785,'Tracy Pawley','971','50','5516562',12,'2013-10-27 04:44:18'),
 (1786,'Wessam Iskandarani','971','56','6029294',12,'2013-10-27 04:44:18'),
 (1787,'Wessam Iskandarani','971','56','6938765',12,'2013-10-27 04:44:18'),
 (1788,'Wessam Iskandarani','971','55','8834857',12,'2013-10-27 04:44:18'),
 (1789,'Saeed Bin Bilela','971','50','6254555',12,'2013-10-27 04:44:18'),
 (1790,'Souren Hagop','971','50','8832832',12,'2013-10-27 04:44:18'),
 (1791,'Rashid Al-Shirawi','971','50','6007171',12,'2013-10-27 04:44:18'),
 (1792,'Roseil','971','50','2860021',12,'2013-10-27 04:44:18'),
 (1793,'Gellow','971','50','6588553',12,'2013-10-27 04:44:18'),
 (1794,'Nizar Al-Sibai','971','55','8856215',12,'2013-10-27 04:44:18'),
 (1795,'Mohammed Mallah','971','50','3831994',12,'2013-10-27 04:44:18'),
 (1796,'Mohammed Rawashdeh','971','56','9302892',12,'2013-10-27 04:44:18'),
 (1797,'Mustafa Razzouk','971','50','4561799',12,'2013-10-27 04:44:18'),
 (1798,'Joud Jabri','971','50','3307852',12,'2013-10-27 04:44:18'),
 (1799,'Lara','971','50','8860990',12,'2013-10-27 04:44:18'),
 (1800,'Mohammed Al-Marri','971','50','4265560',12,'2013-10-27 04:44:18'),
 (1802,'Hashem Hmoud','971','56','3502625',12,'2013-10-27 04:44:19'),
 (1803,'Sarfaraz Alam','971','50','2882125',12,'2013-10-27 04:44:19'),
 (1804,'Jonsen','971','50','9413188',12,'2013-10-27 04:44:19'),
 (1806,'Fairoz Khan','971','55','6530987',12,'2013-10-27 04:44:19'),
 (1807,'Tasneem','971','50','9108945',12,'2013-10-27 04:44:19'),
 (1808,'Majed Al-Khatib','971','50','7989300',12,'2013-10-27 04:44:19'),
 (1809,'Jeremy Boocher','971','56','7786534',12,'2013-10-27 04:44:19'),
 (1810,'Ammar Shahid','971','55','6582070',12,'2013-10-27 04:44:19'),
 (1811,'Uzair','971','50','5083538',12,'2013-10-27 04:44:19'),
 (1812,'Maqsood Shahid','971','55','9057738',12,'2013-10-27 04:44:19'),
 (1813,'Hasan Al-Saadi','971','50','5972655',12,'2013-10-27 04:44:19'),
 (1814,'Adnan Shaikh','971','56','7380100',12,'2013-10-27 04:44:19'),
 (1815,'Thaer','971','55','2251193',12,'2013-10-27 04:44:19'),
 (1816,'Hassan Khan','971','56','6961082',12,'2013-10-27 04:44:19'),
 (1817,'Huzaifa Hodzic','971','55','4176250',12,'2013-10-27 04:44:19'),
 (1818,'Anna Kurkova','971','50','1064538',12,'2013-10-27 04:44:19'),
 (1819,'Alfred James','971','50','3450203',12,'2013-10-27 04:44:19'),
 (1820,'Alfred James','971','56','2297989',12,'2013-10-27 04:44:19'),
 (1821,'Sarah Diab','971','56','2416536',12,'2013-10-27 04:44:19'),
 (1822,'Fountain Abani','971','55','5835462',12,'2013-10-27 04:44:19'),
 (1823,'Shahoud Walid','971','55','5100580',12,'2013-10-27 04:44:19'),
 (1824,'Dubai Creek Golf & Yacht Club','971','50','1704693',12,'2013-10-27 04:44:19'),
 (1825,'Abrahim Baig','971','50','5003769',12,'2013-10-27 04:44:19'),
 (1826,'Mina Soltan','971','50','1082389',12,'2013-10-27 04:44:19'),
 (1827,'Rachel Dorms','971','50','4618931',12,'2013-10-27 04:44:19'),
 (1828,'سارة حورية','971','56','3496344',12,'2013-10-27 04:44:19'),
 (1829,'Mohammed Hassan','971','55','5559300',12,'2013-10-27 04:44:19'),
 (1830,'Cyrus','971','52','8473395',12,'2013-10-27 04:44:19'),
 (1831,'Sumati','971','50','3290771',12,'2013-10-27 04:44:19'),
 (1832,'Mayla Hourieh','971','56','3496330',12,'2013-10-27 04:44:19'),
 (1833,'Salah Masad','971','50','9807556',12,'2013-10-27 04:44:19'),
 (1834,'Ahmad Shatnawi','971','56','6969123',12,'2013-10-27 04:44:19'),
 (1835,'Ahmad Shatnawi','971','50','1019286',12,'2013-10-27 04:44:19'),
 (1836,'Ibrahim Hashim','971','50','4409802',12,'2013-10-27 04:44:19'),
 (1837,'Naya Hourieh','971','56','3496343',12,'2013-10-27 04:44:19'),
 (1838,'Nosheen Ahmed','971','50','3635099',12,'2013-10-27 04:44:19'),
 (1839,'Mehrdad Ansari','971','56','1322420',12,'2013-10-27 04:44:19'),
 (1840,'Mehrdad Ansari','971','55','1685819',12,'2013-10-27 04:44:19'),
 (1841,'Ahmed Gargash','971','50','5159403',12,'2013-10-27 04:44:19'),
 (1842,'Ahmed Gargash','971','52','9977374',12,'2013-10-27 04:44:19'),
 (1843,'Sam Al-Hashimi','971','55','6089071',12,'2013-10-27 04:44:19'),
 (1844,'Ana','971','56','3909440',12,'2013-10-27 04:44:19'),
 (1845,'Kimberly Britto','971','50','8584489',12,'2013-10-27 04:44:19'),
 (1846,'Alia Al-Khatib','971','50','1058732',12,'2013-10-27 04:44:19'),
 (1847,'Saeed Karimnia','971','52','7986188',12,'2013-10-27 04:44:19'),
 (1848,'Wassim Raslan','971','50','3025030',12,'2013-10-27 04:44:19'),
 (1849,'Gareth Warren','971','55','5132344',12,'2013-10-27 04:44:19'),
 (1850,'Ahmad Sleeq','971','50','3208910',12,'2013-10-27 04:44:19'),
 (1851,'Ayham Ghorani','971','50','5668205',12,'2013-10-27 04:44:19'),
 (1852,'Saed Ghorani','971','56','2630401',12,'2013-10-27 04:44:19'),
 (1853,'Namir Shehaadeh','971','56','6522779',12,'2013-10-27 04:44:19'),
 (1854,'Adnan Al-Hammadi','971','50','5509099',12,'2013-10-27 04:44:19'),
 (1855,'Ramadan Abdullah','971','55','6006633',12,'2013-10-27 04:44:19'),
 (1856,'Ramadan Abdullah','971','50','6547176',12,'2013-10-27 04:44:19'),
 (1857,'Hassan Al Mutawa','971','50','2400700',12,'2013-10-27 04:44:19'),
 (1858,'Ali Abadi','971','50','6663864',12,'2013-10-27 04:44:19'),
 (1859,'Leith Matthews','971','55','1040581',12,'2013-10-27 04:44:19'),
 (1860,'Mhrdd Nsr','971','55','1444040',12,'2013-10-27 04:44:19'),
 (1861,'Varun Nanda','971','55','6128390',12,'2013-10-27 04:44:19'),
 (1863,'Khalil Sido','971','50','7666950',13,'2013-10-27 04:46:26'),
 (1864,'Abdullah Khan','971','50','2679513',13,'2013-10-27 04:46:26'),
 (1865,'Abdullah Khan','971','50','9037925',13,'2013-10-27 04:46:26'),
 (1866,'Abdullah Khan','971','55','8693470',13,'2013-10-27 04:46:26'),
 (1867,'Dad','971','55','6440275',13,'2013-10-27 04:46:26'),
 (1868,'Mom','971','50','8860552',13,'2013-10-27 04:46:26'),
 (1869,'Mom','971','50','6550532',13,'2013-10-27 04:46:26'),
 (1870,'Mom','971','50','5521995',13,'2013-10-27 04:46:26'),
 (1871,'Mayla ?','971','50','3442700',13,'2013-10-27 04:46:26'),
 (1872,'Ahmad Hafez','971','50','6135138',13,'2013-10-27 04:46:26'),
 (1873,'Anas Ashraq','971','55','8877948',13,'2013-10-27 04:46:26'),
 (1874,'Aymen Al-Mtowaq','971','50','1500433',13,'2013-10-27 04:46:26'),
 (1875,'Aysha Razzouk','971','50','6917595',13,'2013-10-27 04:46:26'),
 (1876,'Darelle Pawley','971','50','5590205',13,'2013-10-27 04:46:26'),
 (1877,'Jeilly','971','56','6058056',13,'2013-10-27 04:46:26'),
 (1878,'Kourosh Yazdani','971','50','7425002',13,'2013-10-27 04:46:26'),
 (1879,'Omar Al-Bastaki','971','50','4242420',13,'2013-10-27 04:46:26'),
 (1880,'Rasha Jabri','971','52','8650711',13,'2013-10-27 04:46:26'),
 (1881,'Tracy Pawley','971','50','5516562',13,'2013-10-27 04:46:26'),
 (1882,'Wessam Iskandarani','971','56','6029294',13,'2013-10-27 04:46:26'),
 (1883,'Wessam Iskandarani','971','56','6938765',13,'2013-10-27 04:46:26'),
 (1884,'Wessam Iskandarani','971','55','8834857',13,'2013-10-27 04:46:26'),
 (1885,'Saeed Bin Bilela','971','50','6254555',13,'2013-10-27 04:46:26'),
 (1886,'Souren Hagop','971','50','8832832',13,'2013-10-27 04:46:26'),
 (1887,'Rashid Al-Shirawi','971','50','6007171',13,'2013-10-27 04:46:26'),
 (1888,'Roseil','971','50','2860021',13,'2013-10-27 04:46:26'),
 (1889,'Gellow','971','50','6588553',13,'2013-10-27 04:46:26'),
 (1890,'Nizar Al-Sibai','971','55','8856215',13,'2013-10-27 04:46:26'),
 (1891,'Mohammed Mallah','971','50','3831994',13,'2013-10-27 04:46:26'),
 (1892,'Mohammed Rawashdeh','971','56','9302892',13,'2013-10-27 04:46:26'),
 (1893,'Mustafa Razzouk','971','50','4561799',13,'2013-10-27 04:46:26'),
 (1894,'Joud Jabri','971','50','3307852',13,'2013-10-27 04:46:26'),
 (1895,'Lara','971','50','8860990',13,'2013-10-27 04:46:26'),
 (1896,'Mohammed Al-Marri','971','50','4265560',13,'2013-10-27 04:46:26'),
 (1898,'Hashem Hmoud','971','56','3502625',13,'2013-10-27 04:46:26'),
 (1899,'Sarfaraz Alam','971','50','2882125',13,'2013-10-27 04:46:26'),
 (1900,'Jonsen','971','50','9413188',13,'2013-10-27 04:46:26'),
 (1902,'Fairoz Khan','971','55','6530987',13,'2013-10-27 04:46:26'),
 (1903,'Tasneem','971','50','9108945',13,'2013-10-27 04:46:26'),
 (1904,'Majed Al-Khatib','971','50','7989300',13,'2013-10-27 04:46:26'),
 (1905,'Jeremy Boocher','971','56','7786534',13,'2013-10-27 04:46:27'),
 (1906,'Ammar Shahid','971','55','6582070',13,'2013-10-27 04:46:27'),
 (1907,'Uzair','971','50','5083538',13,'2013-10-27 04:46:27'),
 (1908,'Maqsood Shahid','971','55','9057738',13,'2013-10-27 04:46:27'),
 (1909,'Hasan Al-Saadi','971','50','5972655',13,'2013-10-27 04:46:27'),
 (1910,'Adnan Shaikh','971','56','7380100',13,'2013-10-27 04:46:27'),
 (1911,'Thaer','971','55','2251193',13,'2013-10-27 04:46:27'),
 (1912,'Hassan Khan','971','56','6961082',13,'2013-10-27 04:46:27'),
 (1913,'Huzaifa Hodzic','971','55','4176250',13,'2013-10-27 04:46:27'),
 (1914,'Anna Kurkova','971','50','1064538',13,'2013-10-27 04:46:27'),
 (1915,'Alfred James','971','50','3450203',13,'2013-10-27 04:46:27'),
 (1916,'Alfred James','971','56','2297989',13,'2013-10-27 04:46:27'),
 (1917,'Sarah Diab','971','56','2416536',13,'2013-10-27 04:46:27'),
 (1918,'Fountain Abani','971','55','5835462',13,'2013-10-27 04:46:27'),
 (1919,'Shahoud Walid','971','55','5100580',13,'2013-10-27 04:46:27'),
 (1920,'Dubai Creek Golf & Yacht Club','971','50','1704693',13,'2013-10-27 04:46:27'),
 (1921,'Abrahim Baig','971','50','5003769',13,'2013-10-27 04:46:27'),
 (1922,'Mina Soltan','971','50','1082389',13,'2013-10-27 04:46:27'),
 (1923,'Rachel Dorms','971','50','4618931',13,'2013-10-27 04:46:27'),
 (1924,'سارة حورية','971','56','3496344',13,'2013-10-27 04:46:27'),
 (1925,'Mohammed Hassan','971','55','5559300',13,'2013-10-27 04:46:27'),
 (1926,'Cyrus','971','52','8473395',13,'2013-10-27 04:46:27'),
 (1927,'Sumati','971','50','3290771',13,'2013-10-27 04:46:27'),
 (1928,'Mayla Hourieh','971','56','3496330',13,'2013-10-27 04:46:27'),
 (1929,'Salah Masad','971','50','9807556',13,'2013-10-27 04:46:27'),
 (1930,'Ahmad Shatnawi','971','56','6969123',13,'2013-10-27 04:46:27'),
 (1931,'Ahmad Shatnawi','971','50','1019286',13,'2013-10-27 04:46:27'),
 (1932,'Ibrahim Hashim','971','50','4409802',13,'2013-10-27 04:46:27'),
 (1933,'Naya Hourieh','971','56','3496343',13,'2013-10-27 04:46:27'),
 (1934,'Nosheen Ahmed','971','50','3635099',13,'2013-10-27 04:46:27'),
 (1935,'Mehrdad Ansari','971','56','1322420',13,'2013-10-27 04:46:27'),
 (1936,'Mehrdad Ansari','971','55','1685819',13,'2013-10-27 04:46:27'),
 (1937,'Ahmed Gargash','971','50','5159403',13,'2013-10-27 04:46:27'),
 (1938,'Ahmed Gargash','971','52','9977374',13,'2013-10-27 04:46:27'),
 (1939,'Sam Al-Hashimi','971','55','6089071',13,'2013-10-27 04:46:27'),
 (1940,'Ana','971','56','3909440',13,'2013-10-27 04:46:27'),
 (1941,'Kimberly Britto','971','50','8584489',13,'2013-10-27 04:46:27'),
 (1942,'Alia Al-Khatib','971','50','1058732',13,'2013-10-27 04:46:27'),
 (1943,'Saeed Karimnia','971','52','7986188',13,'2013-10-27 04:46:27'),
 (1944,'Wassim Raslan','971','50','3025030',13,'2013-10-27 04:46:27'),
 (1945,'Gareth Warren','971','55','5132344',13,'2013-10-27 04:46:27'),
 (1946,'Ahmad Sleeq','971','50','3208910',13,'2013-10-27 04:46:27'),
 (1947,'Ayham Ghorani','971','50','5668205',13,'2013-10-27 04:46:27'),
 (1948,'Saed Ghorani','971','56','2630401',13,'2013-10-27 04:46:27'),
 (1949,'Namir Shehaadeh','971','56','6522779',13,'2013-10-27 04:46:27'),
 (1950,'Adnan Al-Hammadi','971','50','5509099',13,'2013-10-27 04:46:27'),
 (1951,'Ramadan Abdullah','971','55','6006633',13,'2013-10-27 04:46:27'),
 (1952,'Ramadan Abdullah','971','50','6547176',13,'2013-10-27 04:46:27'),
 (1953,'Hassan Al Mutawa','971','50','2400700',13,'2013-10-27 04:46:27'),
 (1954,'Ali Abadi','971','50','6663864',13,'2013-10-27 04:46:27'),
 (1955,'Leith Matthews','971','55','1040581',13,'2013-10-27 04:46:27'),
 (1956,'Mhrdd Nsr','971','55','1444040',13,'2013-10-27 04:46:27'),
 (1957,'Varun Nanda','971','55','6128390',13,'2013-10-27 04:46:27'),
 (1958,'Khalil Sido','971','50','7666950',14,'2013-10-27 04:50:31'),
 (1959,'Abdullah Khan','971','50','2679513',14,'2013-10-27 04:50:31'),
 (1960,'Abdullah Khan','971','50','9037925',14,'2013-10-27 04:50:31'),
 (1961,'Abdullah Khan','971','55','8693470',14,'2013-10-27 04:50:31'),
 (1962,'Dad','971','55','6440275',14,'2013-10-27 04:50:31'),
 (1963,'Mom','971','50','8860552',14,'2013-10-27 04:50:31'),
 (1964,'Mom','971','50','6550532',14,'2013-10-27 04:50:31'),
 (1965,'Mom','971','50','5521995',14,'2013-10-27 04:50:31'),
 (1966,'Mayla ?','971','50','3442700',14,'2013-10-27 04:50:31'),
 (1967,'Ahmad Hafez','971','50','6135138',14,'2013-10-27 04:50:31'),
 (1968,'Anas Ashraq','971','55','8877948',14,'2013-10-27 04:50:31'),
 (1969,'Aymen Al-Mtowaq','971','50','1500433',14,'2013-10-27 04:50:31'),
 (1970,'Aysha Razzouk','971','50','6917595',14,'2013-10-27 04:50:31'),
 (1971,'Darelle Pawley','971','50','5590205',14,'2013-10-27 04:50:31'),
 (1972,'Jeilly','971','56','6058056',14,'2013-10-27 04:50:31'),
 (1973,'Kourosh Yazdani','971','50','7425002',14,'2013-10-27 04:50:31'),
 (1974,'Omar Al-Bastaki','971','50','4242420',14,'2013-10-27 04:50:31'),
 (1975,'Rasha Jabri','971','52','8650711',14,'2013-10-27 04:50:31'),
 (1976,'Tracy Pawley','971','50','5516562',14,'2013-10-27 04:50:31'),
 (1977,'Wessam Iskandarani','971','56','6029294',14,'2013-10-27 04:50:31'),
 (1978,'Wessam Iskandarani','971','56','6938765',14,'2013-10-27 04:50:31'),
 (1979,'Wessam Iskandarani','971','55','8834857',14,'2013-10-27 04:50:31'),
 (1980,'Saeed Bin Bilela','971','50','6254555',14,'2013-10-27 04:50:31'),
 (1981,'Souren Hagop','971','50','8832832',14,'2013-10-27 04:50:31'),
 (1982,'Rashid Al-Shirawi','971','50','6007171',14,'2013-10-27 04:50:31'),
 (1983,'Roseil','971','50','2860021',14,'2013-10-27 04:50:31'),
 (1984,'Gellow','971','50','6588553',14,'2013-10-27 04:50:31'),
 (1985,'Nizar Al-Sibai','971','55','8856215',14,'2013-10-27 04:50:31'),
 (1986,'Mohammed Mallah','971','50','3831994',14,'2013-10-27 04:50:31'),
 (1987,'Mohammed Rawashdeh','971','56','9302892',14,'2013-10-27 04:50:31'),
 (1988,'Mustafa Razzouk','971','50','4561799',14,'2013-10-27 04:50:31'),
 (1989,'Joud Jabri','971','50','3307852',14,'2013-10-27 04:50:31'),
 (1990,'Lara','971','50','8860990',14,'2013-10-27 04:50:31'),
 (1991,'Mohammed Al-Marri','971','50','4265560',14,'2013-10-27 04:50:31'),
 (1993,'Hashem Hmoud','971','56','3502625',14,'2013-10-27 04:50:31'),
 (1994,'Sarfaraz Alam','971','50','2882125',14,'2013-10-27 04:50:31'),
 (1995,'Jonsen','971','50','9413188',14,'2013-10-27 04:50:31'),
 (1997,'Fairoz Khan','971','55','6530987',14,'2013-10-27 04:50:31'),
 (1998,'Tasneem','971','50','9108945',14,'2013-10-27 04:50:31'),
 (1999,'Majed Al-Khatib','971','50','7989300',14,'2013-10-27 04:50:31'),
 (2000,'Jeremy Boocher','971','56','7786534',14,'2013-10-27 04:50:31'),
 (2001,'Ammar Shahid','971','55','6582070',14,'2013-10-27 04:50:31'),
 (2002,'Uzair','971','50','5083538',14,'2013-10-27 04:50:31'),
 (2003,'Maqsood Shahid','971','55','9057738',14,'2013-10-27 04:50:31'),
 (2004,'Hasan Al-Saadi','971','50','5972655',14,'2013-10-27 04:50:31'),
 (2005,'Adnan Shaikh','971','56','7380100',14,'2013-10-27 04:50:31'),
 (2006,'Thaer','971','55','2251193',14,'2013-10-27 04:50:31'),
 (2007,'Hassan Khan','971','56','6961082',14,'2013-10-27 04:50:31'),
 (2008,'Huzaifa Hodzic','971','55','4176250',14,'2013-10-27 04:50:31'),
 (2009,'Anna Kurkova','971','50','1064538',14,'2013-10-27 04:50:31'),
 (2010,'Alfred James','971','50','3450203',14,'2013-10-27 04:50:31'),
 (2011,'Alfred James','971','56','2297989',14,'2013-10-27 04:50:31'),
 (2012,'Sarah Diab','971','56','2416536',14,'2013-10-27 04:50:31'),
 (2013,'Fountain Abani','971','55','5835462',14,'2013-10-27 04:50:31'),
 (2014,'Shahoud Walid','971','55','5100580',14,'2013-10-27 04:50:31'),
 (2015,'Dubai Creek Golf & Yacht Club','971','50','1704693',14,'2013-10-27 04:50:31'),
 (2016,'Abrahim Baig','971','50','5003769',14,'2013-10-27 04:50:31'),
 (2017,'Mina Soltan','971','50','1082389',14,'2013-10-27 04:50:31'),
 (2018,'Rachel Dorms','971','50','4618931',14,'2013-10-27 04:50:31'),
 (2019,'سارة حورية','971','56','3496344',14,'2013-10-27 04:50:31'),
 (2020,'Mohammed Hassan','971','55','5559300',14,'2013-10-27 04:50:31'),
 (2021,'Cyrus','971','52','8473395',14,'2013-10-27 04:50:31'),
 (2022,'Sumati','971','50','3290771',14,'2013-10-27 04:50:31'),
 (2023,'Mayla Hourieh','971','56','3496330',14,'2013-10-27 04:50:31'),
 (2024,'Salah Masad','971','50','9807556',14,'2013-10-27 04:50:31'),
 (2025,'Ahmad Shatnawi','971','56','6969123',14,'2013-10-27 04:50:31'),
 (2026,'Ahmad Shatnawi','971','50','1019286',14,'2013-10-27 04:50:31'),
 (2027,'Ibrahim Hashim','971','50','4409802',14,'2013-10-27 04:50:31'),
 (2028,'Naya Hourieh','971','56','3496343',14,'2013-10-27 04:50:31'),
 (2029,'Nosheen Ahmed','971','50','3635099',14,'2013-10-27 04:50:31'),
 (2030,'Mehrdad Ansari','971','56','1322420',14,'2013-10-27 04:50:31'),
 (2031,'Mehrdad Ansari','971','55','1685819',14,'2013-10-27 04:50:31'),
 (2032,'Ahmed Gargash','971','50','5159403',14,'2013-10-27 04:50:31'),
 (2033,'Ahmed Gargash','971','52','9977374',14,'2013-10-27 04:50:31'),
 (2034,'Sam Al-Hashimi','971','55','6089071',14,'2013-10-27 04:50:31'),
 (2035,'Ana','971','56','3909440',14,'2013-10-27 04:50:31');
INSERT INTO `scapes`.`sh_scapes_potential_user` VALUES  (2036,'Kimberly Britto','971','50','8584489',14,'2013-10-27 04:50:31'),
 (2037,'Alia Al-Khatib','971','50','1058732',14,'2013-10-27 04:50:31'),
 (2038,'Saeed Karimnia','971','52','7986188',14,'2013-10-27 04:50:31'),
 (2039,'Wassim Raslan','971','50','3025030',14,'2013-10-27 04:50:31'),
 (2040,'Gareth Warren','971','55','5132344',14,'2013-10-27 04:50:31'),
 (2041,'Ahmad Sleeq','971','50','3208910',14,'2013-10-27 04:50:31'),
 (2042,'Ayham Ghorani','971','50','5668205',14,'2013-10-27 04:50:31'),
 (2043,'Saed Ghorani','971','56','2630401',14,'2013-10-27 04:50:31'),
 (2044,'Namir Shehaadeh','971','56','6522779',14,'2013-10-27 04:50:31'),
 (2045,'Adnan Al-Hammadi','971','50','5509099',14,'2013-10-27 04:50:31'),
 (2046,'Ramadan Abdullah','971','55','6006633',14,'2013-10-27 04:50:31'),
 (2047,'Ramadan Abdullah','971','50','6547176',14,'2013-10-27 04:50:31'),
 (2048,'Hassan Al Mutawa','971','50','2400700',14,'2013-10-27 04:50:31'),
 (2049,'Ali Abadi','971','50','6663864',14,'2013-10-27 04:50:31'),
 (2050,'Leith Matthews','971','55','1040581',14,'2013-10-27 04:50:31'),
 (2051,'Mhrdd Nsr','971','55','1444040',14,'2013-10-27 04:50:31'),
 (2052,'Varun Nanda','971','55','6128390',14,'2013-10-27 04:50:31'),
 (2053,'Khalil Sido','971','50','7666950',15,'2013-10-27 04:53:55'),
 (2054,'Abdullah Khan','971','50','2679513',15,'2013-10-27 04:53:55'),
 (2055,'Abdullah Khan','971','50','9037925',15,'2013-10-27 04:53:55'),
 (2056,'Abdullah Khan','971','55','8693470',15,'2013-10-27 04:53:55'),
 (2057,'Dad','971','55','6440275',15,'2013-10-27 04:53:55'),
 (2058,'Mom','971','50','8860552',15,'2013-10-27 04:53:55'),
 (2059,'Mom','971','50','6550532',15,'2013-10-27 04:53:55'),
 (2060,'Mom','971','50','5521995',15,'2013-10-27 04:53:55'),
 (2061,'Mayla ?','971','50','3442700',15,'2013-10-27 04:53:55'),
 (2062,'Ahmad Hafez','971','50','6135138',15,'2013-10-27 04:53:55'),
 (2063,'Anas Ashraq','971','55','8877948',15,'2013-10-27 04:53:55'),
 (2064,'Aymen Al-Mtowaq','971','50','1500433',15,'2013-10-27 04:53:55'),
 (2065,'Aysha Razzouk','971','50','6917595',15,'2013-10-27 04:53:55'),
 (2066,'Darelle Pawley','971','50','5590205',15,'2013-10-27 04:53:55'),
 (2067,'Jeilly','971','56','6058056',15,'2013-10-27 04:53:55'),
 (2068,'Kourosh Yazdani','971','50','7425002',15,'2013-10-27 04:53:55'),
 (2069,'Omar Al-Bastaki','971','50','4242420',15,'2013-10-27 04:53:55'),
 (2070,'Rasha Jabri','971','52','8650711',15,'2013-10-27 04:53:55'),
 (2071,'Tracy Pawley','971','50','5516562',15,'2013-10-27 04:53:55'),
 (2072,'Wessam Iskandarani','971','56','6029294',15,'2013-10-27 04:53:55'),
 (2073,'Wessam Iskandarani','971','56','6938765',15,'2013-10-27 04:53:55'),
 (2074,'Wessam Iskandarani','971','55','8834857',15,'2013-10-27 04:53:55'),
 (2075,'Saeed Bin Bilela','971','50','6254555',15,'2013-10-27 04:53:55'),
 (2076,'Souren Hagop','971','50','8832832',15,'2013-10-27 04:53:56'),
 (2077,'Rashid Al-Shirawi','971','50','6007171',15,'2013-10-27 04:53:56'),
 (2078,'Roseil','971','50','2860021',15,'2013-10-27 04:53:56'),
 (2079,'Gellow','971','50','6588553',15,'2013-10-27 04:53:56'),
 (2080,'Nizar Al-Sibai','971','55','8856215',15,'2013-10-27 04:53:56'),
 (2081,'Mohammed Mallah','971','50','3831994',15,'2013-10-27 04:53:56'),
 (2082,'Mohammed Rawashdeh','971','56','9302892',15,'2013-10-27 04:53:56'),
 (2083,'Mustafa Razzouk','971','50','4561799',15,'2013-10-27 04:53:56'),
 (2084,'Joud Jabri','971','50','3307852',15,'2013-10-27 04:53:56'),
 (2085,'Lara','971','50','8860990',15,'2013-10-27 04:53:56'),
 (2086,'Mohammed Al-Marri','971','50','4265560',15,'2013-10-27 04:53:56'),
 (2087,'Hashem Hmoud','971','56','3502625',15,'2013-10-27 04:53:56'),
 (2088,'Sarfaraz Alam','971','50','2882125',15,'2013-10-27 04:53:56'),
 (2089,'Jonsen','971','50','9413188',15,'2013-10-27 04:53:56'),
 (2091,'Fairoz Khan','971','55','6530987',15,'2013-10-27 04:53:56'),
 (2092,'Tasneem','971','50','9108945',15,'2013-10-27 04:53:56'),
 (2093,'Majed Al-Khatib','971','50','7989300',15,'2013-10-27 04:53:56'),
 (2094,'Jeremy Boocher','971','56','7786534',15,'2013-10-27 04:53:56'),
 (2095,'Ammar Shahid','971','55','6582070',15,'2013-10-27 04:53:56'),
 (2096,'Uzair','971','50','5083538',15,'2013-10-27 04:53:56'),
 (2097,'Maqsood Shahid','971','55','9057738',15,'2013-10-27 04:53:56'),
 (2098,'Hasan Al-Saadi','971','50','5972655',15,'2013-10-27 04:53:56'),
 (2099,'Adnan Shaikh','971','56','7380100',15,'2013-10-27 04:53:56'),
 (2100,'Thaer','971','55','2251193',15,'2013-10-27 04:53:56'),
 (2101,'Hassan Khan','971','56','6961082',15,'2013-10-27 04:53:56'),
 (2102,'Huzaifa Hodzic','971','55','4176250',15,'2013-10-27 04:53:56'),
 (2103,'Anna Kurkova','971','50','1064538',15,'2013-10-27 04:53:56'),
 (2104,'Alfred James','971','50','3450203',15,'2013-10-27 04:53:56'),
 (2105,'Alfred James','971','56','2297989',15,'2013-10-27 04:53:56'),
 (2106,'Sarah Diab','971','56','2416536',15,'2013-10-27 04:53:56'),
 (2107,'Fountain Abani','971','55','5835462',15,'2013-10-27 04:53:56'),
 (2108,'Shahoud Walid','971','55','5100580',15,'2013-10-27 04:53:56'),
 (2109,'Dubai Creek Golf & Yacht Club','971','50','1704693',15,'2013-10-27 04:53:56'),
 (2110,'Abrahim Baig','971','50','5003769',15,'2013-10-27 04:53:56'),
 (2111,'Mina Soltan','971','50','1082389',15,'2013-10-27 04:53:56'),
 (2112,'Rachel Dorms','971','50','4618931',15,'2013-10-27 04:53:56'),
 (2113,'سارة حورية','971','56','3496344',15,'2013-10-27 04:53:56'),
 (2114,'Mohammed Hassan','971','55','5559300',15,'2013-10-27 04:53:56'),
 (2115,'Cyrus','971','52','8473395',15,'2013-10-27 04:53:56'),
 (2116,'Sumati','971','50','3290771',15,'2013-10-27 04:53:56'),
 (2117,'Mayla Hourieh','971','56','3496330',15,'2013-10-27 04:53:56'),
 (2118,'Salah Masad','971','50','9807556',15,'2013-10-27 04:53:56'),
 (2119,'Ahmad Shatnawi','971','56','6969123',15,'2013-10-27 04:53:56'),
 (2120,'Ahmad Shatnawi','971','50','1019286',15,'2013-10-27 04:53:56'),
 (2121,'Ibrahim Hashim','971','50','4409802',15,'2013-10-27 04:53:56'),
 (2122,'Naya Hourieh','971','56','3496343',15,'2013-10-27 04:53:56'),
 (2123,'Nosheen Ahmed','971','50','3635099',15,'2013-10-27 04:53:56'),
 (2124,'Mehrdad Ansari','971','56','1322420',15,'2013-10-27 04:53:56'),
 (2125,'Mehrdad Ansari','971','55','1685819',15,'2013-10-27 04:53:56'),
 (2126,'Ahmed Gargash','971','50','5159403',15,'2013-10-27 04:53:56'),
 (2127,'Ahmed Gargash','971','52','9977374',15,'2013-10-27 04:53:56'),
 (2128,'Sam Al-Hashimi','971','55','6089071',15,'2013-10-27 04:53:56'),
 (2129,'Ana','971','56','3909440',15,'2013-10-27 04:53:56'),
 (2130,'Kimberly Britto','971','50','8584489',15,'2013-10-27 04:53:56'),
 (2131,'Alia Al-Khatib','971','50','1058732',15,'2013-10-27 04:53:56'),
 (2132,'Saeed Karimnia','971','52','7986188',15,'2013-10-27 04:53:56'),
 (2133,'Wassim Raslan','971','50','3025030',15,'2013-10-27 04:53:56'),
 (2134,'Gareth Warren','971','55','5132344',15,'2013-10-27 04:53:56'),
 (2135,'Ahmad Sleeq','971','50','3208910',15,'2013-10-27 04:53:56'),
 (2136,'Ayham Ghorani','971','50','5668205',15,'2013-10-27 04:53:56'),
 (2137,'Saed Ghorani','971','56','2630401',15,'2013-10-27 04:53:56'),
 (2138,'Namir Shehaadeh','971','56','6522779',15,'2013-10-27 04:53:56'),
 (2139,'Adnan Al-Hammadi','971','50','5509099',15,'2013-10-27 04:53:56'),
 (2140,'Ramadan Abdullah','971','55','6006633',15,'2013-10-27 04:53:56'),
 (2141,'Ramadan Abdullah','971','50','6547176',15,'2013-10-27 04:53:56'),
 (2142,'Hassan Al Mutawa','971','50','2400700',15,'2013-10-27 04:53:56'),
 (2143,'Ali Abadi','971','50','6663864',15,'2013-10-27 04:53:56'),
 (2144,'Leith Matthews','971','55','1040581',15,'2013-10-27 04:53:56'),
 (2145,'Mhrdd Nsr','971','55','1444040',15,'2013-10-27 04:53:56'),
 (2146,'Varun Nanda','971','55','6128390',15,'2013-10-27 04:53:56'),
 (2147,'Varun Nanda','971','55','6128390',1,'2013-10-27 04:54:32'),
 (2148,'Khalil Sido','971','50','7666950',16,'2013-10-27 05:25:51'),
 (2149,'Abdullah Khan','971','50','2679513',16,'2013-10-27 05:25:51'),
 (2150,'Abdullah Khan','971','50','9037925',16,'2013-10-27 05:25:51'),
 (2151,'Abdullah Khan','971','55','8693470',16,'2013-10-27 05:25:51'),
 (2152,'Dad','971','55','6440275',16,'2013-10-27 05:25:51'),
 (2153,'Mom','971','50','8860552',16,'2013-10-27 05:25:51'),
 (2154,'Mom','971','50','6550532',16,'2013-10-27 05:25:51'),
 (2155,'Mom','971','50','5521995',16,'2013-10-27 05:25:51'),
 (2156,'Mayla ?','971','50','3442700',16,'2013-10-27 05:25:51'),
 (2157,'Ahmad Hafez','971','50','6135138',16,'2013-10-27 05:25:51'),
 (2158,'Anas Ashraq','971','55','8877948',16,'2013-10-27 05:25:51'),
 (2159,'Aymen Al-Mtowaq','971','50','1500433',16,'2013-10-27 05:25:51'),
 (2160,'Aysha Razzouk','971','50','6917595',16,'2013-10-27 05:25:51'),
 (2161,'Darelle Pawley','971','50','5590205',16,'2013-10-27 05:25:51'),
 (2162,'Jeilly','971','56','6058056',16,'2013-10-27 05:25:51'),
 (2163,'Kourosh Yazdani','971','50','7425002',16,'2013-10-27 05:25:51'),
 (2164,'Omar Al-Bastaki','971','50','4242420',16,'2013-10-27 05:25:51'),
 (2165,'Rasha Jabri','971','52','8650711',16,'2013-10-27 05:25:51'),
 (2166,'Tracy Pawley','971','50','5516562',16,'2013-10-27 05:25:51'),
 (2167,'Wessam Iskandarani','971','56','6029294',16,'2013-10-27 05:25:51'),
 (2168,'Wessam Iskandarani','971','56','6938765',16,'2013-10-27 05:25:51'),
 (2169,'Wessam Iskandarani','971','55','8834857',16,'2013-10-27 05:25:51'),
 (2170,'Saeed Bin Bilela','971','50','6254555',16,'2013-10-27 05:25:51'),
 (2171,'Souren Hagop','971','50','8832832',16,'2013-10-27 05:25:51'),
 (2172,'Rashid Al-Shirawi','971','50','6007171',16,'2013-10-27 05:25:51'),
 (2173,'Roseil','971','50','2860021',16,'2013-10-27 05:25:51'),
 (2174,'Gellow','971','50','6588553',16,'2013-10-27 05:25:51'),
 (2175,'Nizar Al-Sibai','971','55','8856215',16,'2013-10-27 05:25:51'),
 (2176,'Mohammed Mallah','971','50','3831994',16,'2013-10-27 05:25:51'),
 (2177,'Mohammed Rawashdeh','971','56','9302892',16,'2013-10-27 05:25:51'),
 (2178,'Mustafa Razzouk','971','50','4561799',16,'2013-10-27 05:25:51'),
 (2179,'Joud Jabri','971','50','3307852',16,'2013-10-27 05:25:51'),
 (2180,'Lara','971','50','8860990',16,'2013-10-27 05:25:51'),
 (2181,'Mohammed Al-Marri','971','50','4265560',16,'2013-10-27 05:25:51'),
 (2182,'Hashem Hmoud','971','56','3502625',16,'2013-10-27 05:25:51'),
 (2183,'Sarfaraz Alam','971','50','2882125',16,'2013-10-27 05:25:51'),
 (2184,'Jonsen','971','50','9413188',16,'2013-10-27 05:25:51'),
 (2185,'Fairoz Khan','971','55','6530987',16,'2013-10-27 05:25:51'),
 (2186,'Tasneem','971','50','9108945',16,'2013-10-27 05:25:51'),
 (2187,'Majed Al-Khatib','971','50','7989300',16,'2013-10-27 05:25:51'),
 (2188,'Jeremy Boocher','971','56','7786534',16,'2013-10-27 05:25:51'),
 (2189,'Ammar Shahid','971','55','6582070',16,'2013-10-27 05:25:51'),
 (2190,'Uzair','971','50','5083538',16,'2013-10-27 05:25:51'),
 (2191,'Maqsood Shahid','971','55','9057738',16,'2013-10-27 05:25:51'),
 (2192,'Hasan Al-Saadi','971','50','5972655',16,'2013-10-27 05:25:51'),
 (2193,'Adnan Shaikh','971','56','7380100',16,'2013-10-27 05:25:51'),
 (2194,'Thaer','971','55','2251193',16,'2013-10-27 05:25:51'),
 (2195,'Hassan Khan','971','56','6961082',16,'2013-10-27 05:25:51'),
 (2196,'Huzaifa Hodzic','971','55','4176250',16,'2013-10-27 05:25:51'),
 (2197,'Anna Kurkova','971','50','1064538',16,'2013-10-27 05:25:51'),
 (2198,'Alfred James','971','50','3450203',16,'2013-10-27 05:25:51'),
 (2199,'Alfred James','971','56','2297989',16,'2013-10-27 05:25:51'),
 (2200,'Sarah Diab','971','56','2416536',16,'2013-10-27 05:25:51'),
 (2201,'Fountain Abani','971','55','5835462',16,'2013-10-27 05:25:51'),
 (2202,'Shahoud Walid','971','55','5100580',16,'2013-10-27 05:25:51'),
 (2203,'Dubai Creek Golf & Yacht Club','971','50','1704693',16,'2013-10-27 05:25:51'),
 (2204,'Abrahim Baig','971','50','5003769',16,'2013-10-27 05:25:51'),
 (2205,'Mina Soltan','971','50','1082389',16,'2013-10-27 05:25:51'),
 (2206,'Rachel Dorms','971','50','4618931',16,'2013-10-27 05:25:51'),
 (2207,'سارة حورية','971','56','3496344',16,'2013-10-27 05:25:51'),
 (2208,'Mohammed Hassan','971','55','5559300',16,'2013-10-27 05:25:51'),
 (2209,'Cyrus','971','52','8473395',16,'2013-10-27 05:25:51'),
 (2210,'Sumati','971','50','3290771',16,'2013-10-27 05:25:51'),
 (2211,'Mayla Hourieh','971','56','3496330',16,'2013-10-27 05:25:51'),
 (2212,'Salah Masad','971','50','9807556',16,'2013-10-27 05:25:51'),
 (2213,'Ahmad Shatnawi','971','56','6969123',16,'2013-10-27 05:25:51'),
 (2214,'Ahmad Shatnawi','971','50','1019286',16,'2013-10-27 05:25:51'),
 (2215,'Ibrahim Hashim','971','50','4409802',16,'2013-10-27 05:25:51'),
 (2216,'Naya Hourieh','971','56','3496343',16,'2013-10-27 05:25:51'),
 (2217,'Nosheen Ahmed','971','50','3635099',16,'2013-10-27 05:25:51'),
 (2218,'Mehrdad Ansari','971','56','1322420',16,'2013-10-27 05:25:51'),
 (2219,'Mehrdad Ansari','971','55','1685819',16,'2013-10-27 05:25:51'),
 (2220,'Ahmed Gargash','971','50','5159403',16,'2013-10-27 05:25:51'),
 (2221,'Ahmed Gargash','971','52','9977374',16,'2013-10-27 05:25:51'),
 (2222,'Sam Al-Hashimi','971','55','6089071',16,'2013-10-27 05:25:51'),
 (2223,'Ana','971','56','3909440',16,'2013-10-27 05:25:51'),
 (2224,'Kimberly Britto','971','50','8584489',16,'2013-10-27 05:25:51'),
 (2225,'Alia Al-Khatib','971','50','1058732',16,'2013-10-27 05:25:51'),
 (2226,'Saeed Karimnia','971','52','7986188',16,'2013-10-27 05:25:51'),
 (2227,'Wassim Raslan','971','50','3025030',16,'2013-10-27 05:25:51'),
 (2228,'Gareth Warren','971','55','5132344',16,'2013-10-27 05:25:51'),
 (2229,'Ahmad Sleeq','971','50','3208910',16,'2013-10-27 05:25:51'),
 (2230,'Ayham Ghorani','971','50','5668205',16,'2013-10-27 05:25:51'),
 (2231,'Saed Ghorani','971','56','2630401',16,'2013-10-27 05:25:51'),
 (2232,'Namir Shehaadeh','971','56','6522779',16,'2013-10-27 05:25:51'),
 (2233,'Adnan Al-Hammadi','971','50','5509099',16,'2013-10-27 05:25:51'),
 (2234,'Ramadan Abdullah','971','55','6006633',16,'2013-10-27 05:25:51'),
 (2235,'Ramadan Abdullah','971','50','6547176',16,'2013-10-27 05:25:51'),
 (2236,'Hassan Al Mutawa','971','50','2400700',16,'2013-10-27 05:25:51'),
 (2237,'Ali Abadi','971','50','6663864',16,'2013-10-27 05:25:51'),
 (2238,'Leith Matthews','971','55','1040581',16,'2013-10-27 05:25:51'),
 (2239,'Mhrdd Nsr','971','55','1444040',16,'2013-10-27 05:25:51'),
 (2240,'Varun Nanda','971','55','6128390',16,'2013-10-27 05:25:51'),
 (2241,'Ross Guinane','971','50','1972026',1,'2013-10-29 19:03:34'),
 (2242,'Wahid Mohammed','971','50','8583699',1,'2013-11-02 16:40:07'),
 (2243,'Amira Haroon','971','55','8959962',1,'2013-11-07 08:14:55'),
 (2244,'Angelo Haddad','971','50','8607755',1,'2013-11-16 20:16:10'),
 (2245,'Ismail Sahyooni','971','55','8725134',1,'2013-11-16 20:16:10'),
 (2246,'Kamal Mujahid','971','52','9295393',1,'2013-11-18 19:46:39'),
 (2247,'Kamal Mujahid','971','55','2103862',1,'2013-11-18 19:46:39');
UNLOCK TABLES;
/*!40000 ALTER TABLE `sh_scapes_potential_user` ENABLE KEYS */;


--
-- Definition of table `scapes`.`sh_scapes_purchase`
--

DROP TABLE IF EXISTS `scapes`.`sh_scapes_purchase`;
CREATE TABLE  `scapes`.`sh_scapes_purchase` (
  `purchase_id` bigint(20) NOT NULL AUTO_INCREMENT,
  `user_id` bigint(20) DEFAULT NULL,
  `timestamp` datetime DEFAULT NULL,
  PRIMARY KEY (`purchase_id`),
  KEY `fk_scapes_purchase_user_id_idx` (`user_id`),
  CONSTRAINT `fk_scapes_purchase_user_id` FOREIGN KEY (`user_id`) REFERENCES `sh_user` (`user_id`) ON DELETE CASCADE ON UPDATE CASCADE
) ENGINE=InnoDB DEFAULT CHARSET=utf8;

--
-- Dumping data for table `scapes`.`sh_scapes_purchase`
--

/*!40000 ALTER TABLE `sh_scapes_purchase` DISABLE KEYS */;
LOCK TABLES `sh_scapes_purchase` WRITE;
UNLOCK TABLES;
/*!40000 ALTER TABLE `sh_scapes_purchase` ENABLE KEYS */;


--
-- Definition of table `scapes`.`sh_scapes_thread`
--

DROP TABLE IF EXISTS `scapes`.`sh_scapes_thread`;
CREATE TABLE  `scapes`.`sh_scapes_thread` (
  `thread_id` bigint(20) NOT NULL AUTO_INCREMENT,
  `thread_type` int(11) DEFAULT NULL,
  `root_item_id` bigint(20) DEFAULT NULL,
  `child_count` bigint(20) DEFAULT '0',
  `owner_id` bigint(20) DEFAULT NULL,
  `owner_type` int(11) DEFAULT NULL,
  `group_id` bigint(20) DEFAULT NULL,
  `unread_message_count` bigint(20) DEFAULT '0',
  `privacy` varchar(15) DEFAULT '1',
  `status_delivered` tinyint(1) DEFAULT NULL,
  `status_read` tinyint(1) DEFAULT NULL,
  `timestamp_sent` datetime DEFAULT NULL,
  `timestamp_delivered` datetime DEFAULT NULL,
  `timestamp_read` datetime DEFAULT NULL,
  `message` varchar(2048) CHARACTER SET utf8mb4 COLLATE utf8mb4_unicode_ci DEFAULT NULL,
  `location_longitude` decimal(17,14) DEFAULT NULL,
  `location_latitude` decimal(17,14) DEFAULT NULL,
  `media_type` varchar(15) DEFAULT NULL,
  `media_file_size` bigint(20) DEFAULT NULL,
  `media_hash` varchar(45) DEFAULT NULL,
  `media_card_name` varchar(255) DEFAULT NULL,
  `media_card_string` varchar(255) DEFAULT NULL,
  PRIMARY KEY (`thread_id`),
  KEY `fk_scapes_thread_group_id_idx` (`group_id`),
  CONSTRAINT `fk_scapes_thread_group_id` FOREIGN KEY (`group_id`) REFERENCES `sh_scapes_group` (`group_id`) ON DELETE CASCADE ON UPDATE CASCADE
) ENGINE=InnoDB AUTO_INCREMENT=64 DEFAULT CHARSET=utf8;

--
-- Dumping data for table `scapes`.`sh_scapes_thread`
--

/*!40000 ALTER TABLE `sh_scapes_thread` DISABLE KEYS */;
LOCK TABLES `sh_scapes_thread` WRITE;
INSERT INTO `scapes`.`sh_scapes_thread` VALUES  (3,5,NULL,0,1,1,NULL,0,'2',NULL,NULL,'2013-09-06 16:39:50',NULL,NULL,'has a new picture.',NULL,NULL,NULL,NULL,NULL,NULL,NULL),
 (4,7,NULL,0,2,1,NULL,0,'2',NULL,NULL,'2013-09-07 16:42:49',NULL,NULL,'just started using Scapes.',NULL,NULL,NULL,NULL,NULL,NULL,NULL),
 (5,5,NULL,0,2,1,NULL,0,'2',NULL,NULL,'2013-09-07 16:42:50',NULL,NULL,'has a new picture.',NULL,NULL,NULL,NULL,NULL,NULL,NULL),
 (6,7,NULL,0,3,1,NULL,0,'2',NULL,NULL,'2013-09-07 17:11:49',NULL,NULL,'just started using Scapes.',NULL,NULL,NULL,NULL,NULL,NULL,NULL),
 (7,5,NULL,0,3,1,NULL,0,'2',NULL,NULL,'2013-09-07 17:11:50',NULL,NULL,'has a new picture.',NULL,NULL,NULL,NULL,NULL,NULL,NULL),
 (8,7,NULL,0,4,1,NULL,0,'2',NULL,NULL,'2013-09-08 17:15:49',NULL,NULL,'just started using Scapes.',NULL,NULL,NULL,NULL,NULL,NULL,NULL),
 (9,7,NULL,0,5,1,NULL,0,'2',NULL,NULL,'2013-09-08 17:15:50',NULL,NULL,'just started using Scapes.',NULL,NULL,NULL,NULL,NULL,NULL,NULL),
 (10,5,NULL,0,5,1,NULL,0,'2',NULL,NULL,'2013-09-08 17:23:49',NULL,NULL,'has a new picture.',NULL,NULL,NULL,NULL,NULL,NULL,NULL),
 (11,7,NULL,0,9,1,NULL,0,'2',NULL,NULL,'2013-09-08 18:24:50',NULL,NULL,'just started using Scapes.',NULL,NULL,NULL,NULL,NULL,NULL,NULL),
 (12,5,NULL,0,9,1,NULL,0,'2',NULL,NULL,'2013-09-08 18:24:52',NULL,NULL,'has a new picture.',NULL,NULL,NULL,NULL,NULL,NULL,NULL),
 (13,2,NULL,0,1,1,NULL,0,'2',NULL,NULL,'2013-09-06 16:39:55',NULL,NULL,'available.',NULL,NULL,NULL,NULL,NULL,NULL,NULL),
 (14,2,NULL,0,2,1,NULL,0,'2',NULL,NULL,'2013-09-06 17:12:55',NULL,NULL,'available.',NULL,NULL,NULL,NULL,NULL,NULL,NULL),
 (15,2,NULL,0,3,1,NULL,0,'2',NULL,NULL,'2013-09-07 17:16:49',NULL,NULL,'available.',NULL,NULL,NULL,NULL,NULL,NULL,NULL),
 (16,2,NULL,0,4,1,NULL,0,'2',NULL,NULL,'2013-09-08 17:20:49',NULL,NULL,'available.',NULL,NULL,NULL,NULL,NULL,NULL,NULL),
 (17,2,NULL,0,5,1,NULL,0,'2',NULL,NULL,'2013-09-08 17:22:49',NULL,NULL,'available.',NULL,NULL,NULL,NULL,NULL,NULL,NULL),
 (18,2,NULL,0,9,1,NULL,0,'2',NULL,NULL,'2013-09-08 17:23:49',NULL,NULL,'available.',NULL,NULL,NULL,NULL,NULL,NULL,NULL),
 (19,2,NULL,0,11,1,NULL,0,'2',NULL,NULL,'2013-09-08 18:11:49',NULL,NULL,'available.',NULL,NULL,NULL,NULL,NULL,NULL,NULL),
 (20,2,NULL,0,12,1,NULL,0,'2',NULL,NULL,'2013-09-08 18:12:49',NULL,NULL,'available.',NULL,NULL,NULL,NULL,NULL,NULL,NULL),
 (21,2,NULL,0,13,1,NULL,0,'2',NULL,NULL,'2013-09-08 18:13:49',NULL,NULL,'available.',NULL,NULL,NULL,NULL,NULL,NULL,NULL),
 (22,2,NULL,0,14,1,NULL,0,'2',NULL,NULL,'2013-09-08 18:14:49',NULL,NULL,'available.',NULL,NULL,NULL,NULL,NULL,NULL,NULL),
 (23,2,NULL,0,15,1,NULL,0,'2',NULL,NULL,'2013-09-08 18:15:49',NULL,NULL,'available.',NULL,NULL,NULL,NULL,NULL,NULL,NULL),
 (24,2,NULL,0,16,1,NULL,0,'2',NULL,NULL,'2013-09-08 18:16:49',NULL,NULL,'available.',NULL,NULL,NULL,NULL,NULL,NULL,NULL),
 (27,4,NULL,0,1,1,NULL,0,'2',NULL,NULL,'2013-11-07 08:29:57',NULL,NULL,'is listening to \"Boulevard of Broken Dreams\" by Green Day.',NULL,NULL,NULL,NULL,NULL,NULL,NULL);
UNLOCK TABLES;
/*!40000 ALTER TABLE `sh_scapes_thread` ENABLE KEYS */;


--
-- Definition of table `scapes`.`sh_scapes_widget`
--

DROP TABLE IF EXISTS `scapes`.`sh_scapes_widget`;
CREATE TABLE  `scapes`.`sh_scapes_widget` (
  `widget_id` bigint(20) NOT NULL AUTO_INCREMENT,
  `widget_name` varchar(45) DEFAULT NULL,
  `description` varchar(2048) DEFAULT NULL,
  `dp_hash` varchar(45) DEFAULT NULL,
  `price` float DEFAULT NULL,
  PRIMARY KEY (`widget_id`)
) ENGINE=InnoDB DEFAULT CHARSET=utf8;

--
-- Dumping data for table `scapes`.`sh_scapes_widget`
--

/*!40000 ALTER TABLE `sh_scapes_widget` DISABLE KEYS */;
LOCK TABLES `sh_scapes_widget` WRITE;
UNLOCK TABLES;
/*!40000 ALTER TABLE `sh_scapes_widget` ENABLE KEYS */;


--
-- Definition of table `scapes`.`sh_scapes_widget_purchase`
--

DROP TABLE IF EXISTS `scapes`.`sh_scapes_widget_purchase`;
CREATE TABLE  `scapes`.`sh_scapes_widget_purchase` (
  `purchase_id` bigint(20) NOT NULL AUTO_INCREMENT,
  `user_id` bigint(20) DEFAULT NULL,
  `widget_id` bigint(20) DEFAULT NULL,
  `timestamp` datetime DEFAULT NULL,
  PRIMARY KEY (`purchase_id`),
  KEY `fk_scapes_widget_purchase_user_id_idx` (`user_id`),
  KEY `fk_scapes_widget_purchase_widget_id_idx` (`widget_id`),
  CONSTRAINT `fk_scapes_widget_purchase_user_id` FOREIGN KEY (`user_id`) REFERENCES `sh_user` (`user_id`) ON DELETE CASCADE ON UPDATE CASCADE,
  CONSTRAINT `fk_scapes_widget_purchase_widget_id` FOREIGN KEY (`widget_id`) REFERENCES `sh_scapes_widget` (`widget_id`) ON DELETE CASCADE ON UPDATE CASCADE
) ENGINE=InnoDB DEFAULT CHARSET=utf8;

--
-- Dumping data for table `scapes`.`sh_scapes_widget_purchase`
--

/*!40000 ALTER TABLE `sh_scapes_widget_purchase` DISABLE KEYS */;
LOCK TABLES `sh_scapes_widget_purchase` WRITE;
UNLOCK TABLES;
/*!40000 ALTER TABLE `sh_scapes_widget_purchase` ENABLE KEYS */;


--
-- Definition of table `scapes`.`sh_teleco`
--

DROP TABLE IF EXISTS `scapes`.`sh_teleco`;
CREATE TABLE  `scapes`.`sh_teleco` (
  `teleco_id` bigint(20) NOT NULL AUTO_INCREMENT,
  `name` varchar(160) DEFAULT NULL,
  `country_id` bigint(20) DEFAULT NULL,
  `suspended` tinyint(1) DEFAULT NULL,
  PRIMARY KEY (`teleco_id`),
  KEY `fk_teleco_country_id_idx` (`country_id`),
  CONSTRAINT `fk_teleco_country_id` FOREIGN KEY (`country_id`) REFERENCES `sh_country` (`country_id`) ON DELETE NO ACTION ON UPDATE NO ACTION
) ENGINE=InnoDB AUTO_INCREMENT=3 DEFAULT CHARSET=utf8;

--
-- Dumping data for table `scapes`.`sh_teleco`
--

/*!40000 ALTER TABLE `sh_teleco` DISABLE KEYS */;
LOCK TABLES `sh_teleco` WRITE;
INSERT INTO `scapes`.`sh_teleco` VALUES  (1,'Emirates Integrated Telecommunications Company',225,0),
 (2,'Emirates Telecommunications Corporation',225,0);
UNLOCK TABLES;
/*!40000 ALTER TABLE `sh_teleco` ENABLE KEYS */;


--
-- Definition of table `scapes`.`sh_user`
--

DROP TABLE IF EXISTS `scapes`.`sh_user`;
CREATE TABLE  `scapes`.`sh_user` (
  `user_id` bigint(20) NOT NULL AUTO_INCREMENT,
  `name_first` varchar(191) CHARACTER SET utf8mb4 COLLATE utf8mb4_unicode_ci DEFAULT NULL,
  `name_last` varchar(191) CHARACTER SET utf8mb4 COLLATE utf8mb4_unicode_ci DEFAULT NULL,
  `user_handle` varchar(15) DEFAULT NULL,
  `password` varchar(45) DEFAULT NULL,
  `email_address` varchar(255) DEFAULT NULL,
  `locale` varchar(5) DEFAULT NULL,
  `gender` varchar(1) DEFAULT NULL,
  `birthday` date DEFAULT NULL,
  `location_country` varchar(45) DEFAULT NULL,
  `location_state` varchar(45) DEFAULT NULL,
  `location_city` varchar(45) DEFAULT NULL,
  `website` varchar(255) DEFAULT NULL,
  `bio` varchar(191) CHARACTER SET utf8mb4 COLLATE utf8mb4_unicode_ci DEFAULT NULL,
  `timezone` float DEFAULT NULL,
  `join_date` datetime DEFAULT NULL,
  `dp_id` bigint(20) DEFAULT NULL,
  `total_messages_sent` bigint(20) DEFAULT '0',
  `total_messages_received` bigint(20) DEFAULT '0',
  `unread_message_count` bigint(20) DEFAULT '0',
  `suspend` varchar(45) DEFAULT '0',
  `passcode_protect` tinyint(1) DEFAULT '0',
  `average_rank_score` bigint(20) DEFAULT NULL,
  `facebook_id` varchar(255) DEFAULT NULL,
  `twitter_id` varchar(255) DEFAULT NULL,
  `intagram_id` varchar(255) DEFAULT NULL,
  PRIMARY KEY (`user_id`),
  KEY `fk_user_dp_idx` (`dp_id`),
  CONSTRAINT `fk_user_dp` FOREIGN KEY (`dp_id`) REFERENCES `sh_user_dp` (`dp_id`) ON DELETE NO ACTION ON UPDATE NO ACTION
) ENGINE=InnoDB AUTO_INCREMENT=17 DEFAULT CHARSET=utf8;

--
-- Dumping data for table `scapes`.`sh_user`
--

/*!40000 ALTER TABLE `sh_user` DISABLE KEYS */;
LOCK TABLES `sh_user` WRITE;
INSERT INTO `scapes`.`sh_user` VALUES  (1,'Ali','Mahouk',NULL,'b1b83412a8947f300be8164bd89120258a2a6fc2',NULL,'en',NULL,NULL,NULL,NULL,NULL,NULL,NULL,4,'2013-09-06 16:39:49',NULL,0,0,0,'0',0,NULL,NULL,NULL,NULL),
 (2,'Diana','Hassanova',NULL,NULL,NULL,'en',NULL,NULL,NULL,NULL,NULL,NULL,NULL,4,'2013-09-22 19:52:04',NULL,0,0,0,'0',0,NULL,NULL,NULL,NULL),
 (3,'Abdullah','Khan',NULL,NULL,NULL,'en',NULL,NULL,NULL,NULL,NULL,NULL,NULL,4,'2013-10-20 05:20:00',NULL,0,0,0,'0',0,NULL,NULL,NULL,NULL),
 (4,'Parvaneh','Bokharaee',NULL,NULL,NULL,'en',NULL,NULL,NULL,NULL,NULL,NULL,NULL,4,'2013-10-20 05:29:25',NULL,0,0,0,'0',0,NULL,NULL,NULL,NULL),
 (5,'Farahnaz','Hassany',NULL,NULL,NULL,'en',NULL,NULL,NULL,NULL,NULL,NULL,NULL,4,'2013-10-24 05:47:46',NULL,0,0,0,'0',0,NULL,NULL,NULL,NULL),
 (9,'Mohammed','Razzouk',NULL,NULL,NULL,'en',NULL,NULL,NULL,NULL,NULL,NULL,NULL,4,'2013-10-26 08:10:41',NULL,0,0,0,'0',0,NULL,NULL,NULL,NULL),
 (11,'Majd','Hourieh',NULL,NULL,NULL,'en',NULL,NULL,NULL,NULL,NULL,NULL,NULL,4,'2013-10-27 04:40:30',NULL,0,0,0,'0',0,NULL,NULL,NULL,NULL),
 (12,'May','Jabri',NULL,NULL,NULL,'en',NULL,NULL,NULL,NULL,NULL,NULL,NULL,4,'2013-10-27 04:44:08',NULL,0,0,0,'0',0,NULL,NULL,NULL,NULL),
 (13,'Ahmed','Razzouk',NULL,NULL,NULL,'en',NULL,NULL,NULL,NULL,NULL,NULL,NULL,4,'2013-10-27 04:46:12',NULL,0,0,0,'0',0,NULL,NULL,NULL,NULL),
 (14,'Mayla','Jabri',NULL,NULL,NULL,'en',NULL,NULL,NULL,NULL,NULL,NULL,NULL,4,'2013-10-27 04:50:21',NULL,0,0,0,'0',0,NULL,NULL,NULL,NULL),
 (15,'Hashem','Hmoud',NULL,NULL,NULL,'en',NULL,NULL,NULL,NULL,NULL,NULL,NULL,4,'2013-10-27 04:53:49',NULL,0,0,0,'0',0,NULL,NULL,NULL,NULL),
 (16,'Aboud','Adas',NULL,NULL,NULL,'en',NULL,NULL,NULL,NULL,NULL,NULL,NULL,4,'2013-10-27 05:25:45',NULL,0,0,0,'0',0,NULL,NULL,NULL,NULL);
UNLOCK TABLES;
/*!40000 ALTER TABLE `sh_user` ENABLE KEYS */;


--
-- Definition of table `scapes`.`sh_user_dp`
--

DROP TABLE IF EXISTS `scapes`.`sh_user_dp`;
CREATE TABLE  `scapes`.`sh_user_dp` (
  `dp_id` bigint(20) NOT NULL AUTO_INCREMENT,
  `user_id` bigint(20) DEFAULT NULL,
  `hash` varchar(45) DEFAULT NULL,
  `timestamp` datetime DEFAULT NULL,
  PRIMARY KEY (`dp_id`),
  KEY `fk_dp_user_idx` (`user_id`),
  CONSTRAINT `fk_dp_user` FOREIGN KEY (`user_id`) REFERENCES `sh_user` (`user_id`) ON DELETE CASCADE ON UPDATE CASCADE
) ENGINE=InnoDB AUTO_INCREMENT=25 DEFAULT CHARSET=utf8;

--
-- Dumping data for table `scapes`.`sh_user_dp`
--

/*!40000 ALTER TABLE `sh_user_dp` DISABLE KEYS */;
LOCK TABLES `sh_user_dp` WRITE;
INSERT INTO `scapes`.`sh_user_dp` VALUES  (1,1,'59519fb40daa50f4d3c9e18691b77b8febf641c1','2013-09-06 16:39:50'),
 (2,2,'b1da37b625c61f833c34ede51bcd000384fc43ee','2013-09-22 19:52:06'),
 (12,3,'ea585baac06b5bbe4b87f2f76ea9d47fc03c2d0f','2013-10-20 05:20:00'),
 (14,5,'35363700117cc928f5230e814b46b8df83590120','2013-10-24 05:47:46'),
 (17,9,'2c6cc5133dfe3a1be44d1687f5c7c2e0406ed5c9','2013-10-26 08:10:41'),
 (19,11,'7ccffee56f25376fa345d673f4e2f48f9eb9dc09','2013-10-27 04:40:30'),
 (20,12,'708ec584e41a718b86d71f90337374f88907c902','2013-10-27 04:44:09'),
 (21,13,'a6e247731aaa22021e46942ca750816379e4898f','2013-10-27 04:46:12'),
 (22,14,'34bbceb74b93cba22d2c3e1990960adcd4b552cb','2013-10-27 04:50:21'),
 (23,15,'c420f830e4f809edf0374d7735170ff62539a202','2013-10-27 04:53:49'),
 (24,16,'52a1de95c0e4d07da3cc9cd1200681922c5d526b','2013-10-27 05:25:45');
UNLOCK TABLES;
/*!40000 ALTER TABLE `sh_user_dp` ENABLE KEYS */;


--
-- Definition of table `scapes`.`sh_user_online_status`
--

DROP TABLE IF EXISTS `scapes`.`sh_user_online_status`;
CREATE TABLE  `scapes`.`sh_user_online_status` (
  `user_id` bigint(20) NOT NULL,
  `status` bigint(20) DEFAULT NULL,
  `target_id` bigint(20) DEFAULT NULL,
  `timestamp` datetime DEFAULT NULL,
  PRIMARY KEY (`user_id`),
  KEY `fk_user_online_status_target_id_idx` (`target_id`),
  CONSTRAINT `fk_user_online_status_target_id` FOREIGN KEY (`target_id`) REFERENCES `sh_user` (`user_id`) ON DELETE NO ACTION ON UPDATE NO ACTION,
  CONSTRAINT `fk_user_online_status_user_id` FOREIGN KEY (`user_id`) REFERENCES `sh_user` (`user_id`) ON DELETE CASCADE ON UPDATE CASCADE
) ENGINE=InnoDB DEFAULT CHARSET=utf8;

--
-- Dumping data for table `scapes`.`sh_user_online_status`
--

/*!40000 ALTER TABLE `sh_user_online_status` DISABLE KEYS */;
LOCK TABLES `sh_user_online_status` WRITE;
INSERT INTO `scapes`.`sh_user_online_status` VALUES  (1,3,NULL,'2013-11-13 12:26:35'),
 (2,1,NULL,'2013-10-26 08:34:42');
UNLOCK TABLES;
/*!40000 ALTER TABLE `sh_user_online_status` ENABLE KEYS */;




/*!40101 SET SQL_MODE=@OLD_SQL_MODE */;
/*!40014 SET FOREIGN_KEY_CHECKS=@OLD_FOREIGN_KEY_CHECKS */;
/*!40014 SET UNIQUE_CHECKS=@OLD_UNIQUE_CHECKS */;
/*!40101 SET CHARACTER_SET_CLIENT=@OLD_CHARACTER_SET_CLIENT */;
/*!40101 SET CHARACTER_SET_RESULTS=@OLD_CHARACTER_SET_RESULTS */;
/*!40101 SET COLLATION_CONNECTION=@OLD_COLLATION_CONNECTION */;
/*!40101 SET CHARACTER_SET_CLIENT=@OLD_CHARACTER_SET_CLIENT */;
